date,order_id,sku,product_name,category,channel,region,units_sold,unit_price,revenue,cost,shipping_cost,platform_fee,ad_spend
2025-05-01,SHO-100000,GO 3S,GO 3S,Action Camera,Shopify,UK,1,248.63,248.63,140,5.83,12.43,0
2025-05-01,SHO-100001,X3,X3,Action Camera,Shopify,US,1,356.56,356.56,220,9.63,17.83,0
2025-05-01,SHO-100002,Battery,Battery,Accessory,Shopify,UK,1,40.15,40.15,15,7.85,2.01,0
2025-05-01,SHO-100003,GO 3S,GO 3S,Action Camera,Shopify,UK,1,273.88,273.88,140,8.02,13.69,0
2025-05-01,SHO-100005,X4,X4,Action Camera,Shopify,UK,2,530.75,1061.5,640,6.77,53.08,0
2025-05-01,SHO-100006,Bike Mount,Bike Mount,Mount,Shopify,US,1,19.87,19.87,6,8.96,0.99,0
2025-05-01,SHO-100008,GO 3S,GO 3S,Action Camera,Shopify,US,1,244.23,244.23,140,7.95,12.21,0
2025-05-01,SHO-100010,X4,X4,Action Camera,Shopify,UK,1,523.28,523.28,320,5.01,26.16,0
2025-05-01,SHO-100011,GO 3S,GO 3S,Action Camera,Shopify,UK,1,275.85,275.85,140,6.87,13.79,0
2025-05-01,SHO-100012,X3,X3,Action Camera,Shopify,UK,1,420.44,420.44,220,9.6,21.02,0
2025-05-01,SHO-100013,X4,X4,Action Camera,Shopify,EU,1,520.62,520.62,320,5.41,26.03,0
2025-05-01,SHO-100014,Battery,Battery,Accessory,Shopify,US,1,36.36,36.36,15,7.58,1.82,0
2025-05-01,SHO-100015,X4,X4,Action Camera,Shopify,UK,1,553.86,553.86,320,6.17,27.69,0
2025-05-01,SHO-100016,GO 3S,GO 3S,Action Camera,Shopify,EU,1,251.59,251.59,140,6.3,12.58,0
2025-05-01,SHO-100017,Selfie Stick,Selfie Stick,Accessory,Shopify,US,1,25.26,25.26,8,7.02,1.26,0
2025-05-01,SHO-100018,Battery,Battery,Accessory,Shopify,UK,2,41.5,83.0,30,8.39,4.15,0
2025-05-01,SHO-100019,Battery,Battery,Accessory,Shopify,EU,1,44.25,44.25,15,4.86,2.21,0
2025-05-01,SHO-100020,X4,X4,Action Camera,Shopify,US,1,492.58,492.58,320,6.14,24.63,0
2025-05-01,SHO-100022,X4,X4,Action Camera,Shopify,EU,1,537.57,537.57,320,9.03,26.88,0
2025-05-01,SHO-100023,Lens Cap,Lens Cap,Accessory,Shopify,UK,2,9.47,18.94,4,14.89,0.95,0
2025-05-02,SHO-100024,Ace Pro,Ace Pro,Action Camera,Shopify,UK,1,357.17,357.17,200,5.3,17.86,0
2025-05-02,SHO-100025,Ace Pro,Ace Pro,Action Camera,Shopify,US,1,338.24,338.24,200,4.07,16.91,0
2025-05-02,SHO-100026,Battery,Battery,Accessory,Shopify,US,2,35.8,71.6,30,10.1,3.58,0
2025-05-02,SHO-100028,GO 3S,GO 3S,Action Camera,Shopify,US,1,210.71,210.71,140,8.78,10.54,0
2025-05-02,SHO-100029,Invisible Stick,Invisible Stick,Accessory,Shopify,US,1,39.99,39.99,12,9.29,2.0,0
2025-05-02,SHO-100030,X3,X3,Action Camera,Shopify,UK,1,479.23,479.23,220,9.69,23.96,0
2025-05-02,SHO-100031,Bike Mount,Bike Mount,Mount,Shopify,EU,1,22.31,22.31,6,8.24,1.12,0
2025-05-02,SHO-100032,Ace Pro,Ace Pro,Action Camera,Shopify,US,1,347.85,347.85,200,5.31,17.39,0
2025-05-02,SHO-100033,Selfie Stick,Selfie Stick,Accessory,Shopify,US,1,22.57,22.57,8,9.63,1.13,0
2025-05-02,SHO-100034,X4,X4,Action Camera,Shopify,UK,1,505.94,505.94,320,6.21,25.3,0
2025-05-02,SHO-100035,GO 3S,GO 3S,Action Camera,Shopify,UK,1,249.06,249.06,140,9.85,12.45,0
2025-05-02,SHO-100036,Lens Cap,Lens Cap,Accessory,Shopify,US,1,8.6,8.6,2,5.14,0.43,0
2025-05-02,SHO-100037,X4,X4,Action Camera,Shopify,US,1,444.42,444.42,320,9.22,22.22,0
2025-05-02,SHO-100038,X3,X3,Action Camera,Shopify,UK,1,442.74,442.74,220,4.76,22.14,0
2025-05-02,SHO-100039,Selfie Stick,Selfie Stick,Accessory,Shopify,US,1,25.44,25.44,8,7.4,1.27,0
2025-05-02,SHO-100041,X3,X3,Action Camera,Shopify,US,1,380.71,380.71,220,6.59,19.04,0
2025-05-02,SHO-100042,Ace Pro,Ace Pro,Action Camera,Shopify,US,1,343.18,343.18,200,7.45,17.16,0
2025-05-02,SHO-100043,Invisible Stick,Invisible Stick,Accessory,Shopify,EU,1,50.27,50.27,12,6.76,2.51,0
2025-05-02,SHO-100044,X3,X3,Action Camera,Shopify,UK,1,472.61,472.61,220,4.88,23.63,0
2025-05-02,SHO-100045,Selfie Stick,Selfie Stick,Accessory,Shopify,US,2,26.21,52.42,16,7.03,2.62,0
2025-05-03,SHO-100048,GO 3S,GO 3S,Action Camera,Shopify,UK,1,271.19,271.19,140,8.61,13.56,0
2025-05-03,SHO-100049,Ace Pro,Ace Pro,Action Camera,Shopify,US,1,339.5,339.5,200,6.76,16.98,0
2025-05-03,SHO-100050,Helmet Mount,Helmet Mount,Mount,Shopify,UK,1,25.35,25.35,7,6.36,1.27,0
2025-05-03,SHO-100051,X3,X3,Action Camera,Shopify,US,1,382.37,382.37,220,9.72,19.12,0
2025-05-03,SHO-100052,Helmet Mount,Helmet Mount,Mount,Shopify,US,1,21.3,21.3,7,8.03,1.07,0
2025-05-03,SHO-100054,GO 3S,GO 3S,Action Camera,Shopify,US,1,231.09,231.09,140,4.95,11.55,0
2025-05-03,SHO-100055,X3,X3,Action Camera,Shopify,UK,1,478.92,478.92,220,6.98,23.95,0
2025-05-03,SHO-100056,X3,X3,Action Camera,Shopify,UK,1,437.93,437.93,220,9.12,21.9,0
2025-05-03,SHO-100058,Bike Mount,Bike Mount,Mount,Shopify,US,1,17.89,17.89,6,9.96,0.89,0
2025-05-03,SHO-100060,Lens Cap,Lens Cap,Accessory,Shopify,EU,1,10.24,10.24,2,4.69,0.51,0
2025-05-03,SHO-100061,X4,X4,Action Camera,Shopify,EU,1,578.89,578.89,320,7.9,28.94,0
2025-05-03,SHO-100062,X4,X4,Action Camera,Shopify,US,1,500.61,500.61,320,4.95,25.03,0
2025-05-03,SHO-100063,Lens Cap,Lens Cap,Accessory,Shopify,US,1,8.4,8.4,2,5.91,0.42,0
2025-05-03,SHO-100064,X4,X4,Action Camera,Shopify,UK,1,523.16,523.16,320,8.3,26.16,0
2025-05-03,SHO-100065,Battery,Battery,Accessory,Shopify,US,1,35.89,35.89,15,6.19,1.79,0
2025-05-03,SHO-100066,Battery,Battery,Accessory,Shopify,EU,1,39.56,39.56,15,8.18,1.98,0
2025-05-03,SHO-100067,X3,X3,Action Camera,Shopify,US,1,394.71,394.71,220,5.94,19.74,0
2025-05-03,SHO-100068,Charging Hub,Charging Hub,Accessory,Shopify,US,2,57.24,114.48,40,14.29,5.72,0
2025-05-03,SHO-100069,Selfie Stick,Selfie Stick,Accessory,Shopify,US,1,24.58,24.58,8,6.96,1.23,0
2025-05-03,SHO-100070,GO 3S,GO 3S,Action Camera,Shopify,US,1,235.67,235.67,140,6.62,11.78,0
2025-05-03,SHO-100071,Tripod Stand,Tripod Stand,Mount,Shopify,UK,1,36.87,36.87,10,9.84,1.84,0
2025-05-04,SHO-100072,Helmet Mount,Helmet Mount,Mount,Shopify,US,1,22.03,22.03,7,5.76,1.1,0
2025-05-04,SHO-100073,Selfie Stick,Selfie Stick,Accessory,Shopify,US,1,25.54,25.54,8,9.09,1.28,0
2025-05-04,SHO-100074,GO 3S,GO 3S,Action Camera,Shopify,US,1,230.24,230.24,140,5.47,11.51,0
2025-05-04,SHO-100075,X4,X4,Action Camera,Shopify,UK,1,530.42,530.42,320,9.73,26.52,0
2025-05-04,SHO-100076,Battery,Battery,Accessory,Shopify,UK,1,45.26,45.26,15,7.58,2.26,0
2025-05-04,SHO-100077,X4,X4,Action Camera,Shopify,EU,1,556.54,556.54,320,4.73,27.83,0
2025-05-04,SHO-100078,Selfie Stick,Selfie Stick,Accessory,Shopify,EU,3,30.02,90.06,24,12.16,4.5,0
2025-05-04,SHO-100079,GO 3S,GO 3S,Action Camera,Shopify,UK,1,265.5,265.5,140,9.79,13.28,0
2025-05-04,SHO-100080,Lens Cap,Lens Cap,Accessory,Shopify,UK,1,10.38,10.38,2,7.7,0.52,0
2025-05-04,SHO-100084,X4,X4,Action Camera,Shopify,US,1,485.82,485.82,320,8.23,24.29,0
2025-05-04,SHO-100085,Ace Pro,Ace Pro,Action Camera,Shopify,US,1,358.26,358.26,200,5.98,17.91,0
2025-05-04,SHO-100086,Battery,Battery,Accessory,Shopify,US,1,36.49,36.49,15,8.2,1.82,0
2025-05-04,SHO-100088,X3,X3,Action Camera,Shopify,UK,2,439.74,879.48,440,13.41,43.97,0
2025-05-04,SHO-100089,Tripod Stand,Tripod Stand,Mount,Shopify,UK,1,40.3,40.3,10,7.2,2.02,0
2025-05-04,SHO-100091,Helmet Mount,Helmet Mount,Mount,Shopify,EU,1,26.49,26.49,7,8.83,1.32,0
2025-05-04,SHO-100093,X4,X4,Action Camera,Shopify,US,1,481.84,481.84,320,9.08,24.09,0
2025-05-04,SHO-100094,Selfie Stick,Selfie Stick,Accessory,Shopify,EU,1,29.65,29.65,8,6.71,1.48,0
2025-05-04,SHO-100095,Helmet Mount,Helmet Mount,Mount,Shopify,US,1,20.59,20.59,7,7.97,1.03,0
2025-05-05,SHO-100096,X4,X4,Action Camera,Shopify,EU,1,540.52,540.52,320,5.0,27.03,0
2025-05-05,SHO-100097,X4,X4,Action Camera,Shopify,US,1,450.46,450.46,320,8.62,22.52,0
2025-05-05,SHO-100098,X3,X3,Action Camera,Shopify,US,1,395.87,395.87,220,4.1,19.79,0
2025-05-05,SHO-100099,GO 3S,GO 3S,Action Camera,Shopify,US,2,242.32,484.64,280,11.62,24.23,0
2025-05-05,SHO-100100,Lens Cap,Lens Cap,Accessory,Shopify,UK,1,10.49,10.49,2,8.48,0.52,0
2025-05-05,SHO-100101,X3,X3,Action Camera,Shopify,UK,1,464.59,464.59,220,8.82,23.23,0
2025-05-05,SHO-100102,GO 3S,GO 3S,Action Camera,Shopify,US,1,240.52,240.52,140,9.31,12.03,0
2025-05-05,SHO-100103,X4,X4,Action Camera,Shopify,EU,3,547.27,1641.81,960,15.12,82.09,0
2025-05-05,SHO-100104,Battery,Battery,Accessory,Shopify,EU,1,43.9,43.9,15,8.14,2.19,0
2025-05-05,SHO-100105,Bike Mount,Bike Mount,Mount,Shopify,EU,1,22.31,22.31,6,6.55,1.12,0
2025-05-05,SHO-100106,X3,X3,Action Camera,Shopify,UK,3,423.78,1271.34,660,8.65,63.57,0
2025-05-05,SHO-100107,Selfie Stick,Selfie Stick,Accessory,Shopify,EU,1,25.65,25.65,8,6.94,1.28,0
2025-05-05,SHO-100109,X4,X4,Action Camera,Shopify,US,1,520.04,520.04,320,5.66,26.0,0
2025-05-05,SHO-100110,Bike Mount,Bike Mount,Mount,Shopify,UK,1,21.85,21.85,6,8.96,1.09,0
2025-05-05,SHO-100111,Selfie Stick,Selfie Stick,Accessory,Shopify,EU,1,26.66,26.66,8,9.27,1.33,0
2025-05-05,SHO-100112,Helmet Mount,Helmet Mount,Mount,Shopify,US,1,22.9,22.9,7,5.49,1.14,0
2025-05-05,SHO-100113,Tripod Stand,Tripod Stand,Mount,Shopify,EU,1,39.85,39.85,10,9.21,1.99,0
2025-05-05,SHO-100114,Selfie Stick,Selfie Stick,Accessory,Shopify,EU,1,30.07,30.07,8,4.33,1.5,0
2025-05-05,SHO-100116,GO 3S,GO 3S,Action Camera,Shopify,UK,1,287.48,287.48,140,5.88,14.37,0
2025-05-05,SHO-100117,X3,X3,Action Camera,Shopify,US,1,361.27,361.27,220,8.46,18.06,0
2025-05-05,SHO-100118,X3,X3,Action Camera,Shopify,UK,1,437.91,437.91,220,4.13,21.9,0
2025-05-05,SHO-100119,Lens Cap,Lens Cap,Accessory,Shopify,US,2,9.31,18.62,4,6.93,0.93,0
2025-05-06,SHO-100120,X3,X3,Action Camera,Shopify,US,1,378.83,378.83,220,7.77,18.94,0
2025-05-06,SHO-100121,Charging Hub,Charging Hub,Accessory,Shopify,UK,1,68.18,68.18,20,9.63,3.41,0
2025-05-06,SHO-100123,GO 3S,GO 3S,Action Camera,Shopify,US,1,222.53,222.53,140,7.99,11.13,0
2025-05-06,SHO-100124,Ace Pro,Ace Pro,Action Camera,Shopify,US,1,328.25,328.25,200,6.94,16.41,0
2025-05-06,SHO-100125,GO 3S,GO 3S,Action Camera,Shopify,US,1,243.66,243.66,140,8.67,12.18,0
2025-05-06,SHO-100126,X3,X3,Action Camera,Shopify,US,1,418.94,418.94,220,7.86,20.95,0
2025-05-06,SHO-100127,Ace Pro,Ace Pro,Action Camera,Shopify,US,1,336.48,336.48,200,9.96,16.82,0
2025-05-06,SHO-100128,X4,X4,Action Camera,Shopify,UK,1,529.43,529.43,320,6.11,26.47,0
2025-05-06,SHO-100129,Ace Pro,Ace Pro,Action Camera,Shopify,US,1,331.53,331.53,200,9.52,16.58,0
2025-05-06,SHO-100130,Lens Cap,Lens Cap,Accessory,Shopify,US,1,9.02,9.02,2,9.41,0.45,0
2025-05-06,SHO-100132,Lens Cap,Lens Cap,Accessory,Shopify,US,1,9.36,9.36,2,6.61,0.47,0
2025-05-06,SHO-100133,X4,X4,Action Camera,Shopify,UK,1,553.82,553.82,320,9.82,27.69,0
2025-05-06,SHO-100135,Lens Cap,Lens Cap,Accessory,Shopify,US,2,8.58,17.16,4,13.31,0.86,0
2025-05-06,SHO-100136,Bike Mount,Bike Mount,Mount,Shopify,UK,1,21.64,21.64,6,5.14,1.08,0
2025-05-06,SHO-100137,X4,X4,Action Camera,Shopify,US,1,484.62,484.62,320,6.88,24.23,0
2025-05-06,SHO-100138,X3,X3,Action Camera,Shopify,UK,1,431.71,431.71,220,9.28,21.59,0
2025-05-06,SHO-100139,Lens Cap,Lens Cap,Accessory,Shopify,US,1,9.24,9.24,2,8.92,0.46,0
2025-05-06,SHO-100141,Selfie Stick,Selfie Stick,Accessory,Shopify,UK,2,25.99,51.98,16,9.85,2.6,0
2025-05-06,SHO-100143,X4,X4,Action Camera,Shopify,EU,1,587.89,587.89,320,4.35,29.39,0
2025-05-07,SHO-100144,X3,X3,Action Camera,Shopify,US,1,377.34,377.34,220,5.22,18.87,0
2025-05-07,SHO-100147,GO 3S,GO 3S,Action Camera,Shopify,UK,1,248.19,248.19,140,4.85,12.41,0
2025-05-07,SHO-100148,Battery,Battery,Accessory,Shopify,US,1,34.4,34.4,15,5.72,1.72,0
2025-05-07,SHO-100150,GO 3S,GO 3S,Action Camera,Shopify,US,1,246.74,246.74,140,7.5,12.34,0
2025-05-07,SHO-100151,X3,X3,Action Camera,Shopify,UK,1,452.02,452.02,220,4.77,22.6,0
2025-05-07,SHO-100153,Ace Pro,Ace Pro,Action Camera,Shopify,EU,1,375.55,375.55,200,6.39,18.78,0
2025-05-07,SHO-100154,Ace Pro,Ace Pro,Action Camera,Shopify,EU,1,401.51,401.51,200,5.97,20.08,0
2025-05-07,SHO-100155,Ace Pro,Ace Pro,Action Camera,Shopify,US,1,319.1,319.1,200,6.44,15.96,0
2025-05-07,SHO-100156,X3,X3,Action Camera,Shopify,US,1,416.93,416.93,220,9.65,20.85,0
2025-05-07,SHO-100157,Invisible Stick,Invisible Stick,Accessory,Shopify,UK,1,46.58,46.58,12,9.49,2.33,0
2025-05-07,SHO-100158,Charging Hub,Charging Hub,Accessory,Shopify,EU,1,60.27,60.27,20,5.12,3.01,0
2025-05-07,SHO-100160,GO 3S,GO 3S,Action Camera,Shopify,US,1,228.43,228.43,140,6.03,11.42,0
2025-05-07,SHO-100161,GO 3S,GO 3S,Action Camera,Shopify,UK,2,246.91,493.82,280,6.88,24.69,0
2025-05-07,SHO-100162,Ace Pro,Ace Pro,Action Camera,Shopify,UK,1,409.74,409.74,200,9.53,20.49,0
2025-05-07,SHO-100163,X4,X4,Action Camera,Shopify,EU,1,578.24,578.24,320,4.21,28.91,0
2025-05-07,SHO-100164,X4,X4,Action Camera,Shopify,US,1,461.6,461.6,320,7.96,23.08,0
2025-05-07,SHO-100165,X4,X4,Action Camera,Shopify,UK,2,520.7,1041.4,640,11.36,52.07,0
2025-05-07,SHO-100166,GO 3S,GO 3S,Action Camera,Shopify,US,1,211.49,211.49,140,9.88,10.57,0
2025-05-07,SHO-100167,Ace Pro,Ace Pro,Action Camera,Shopify,US,1,329.67,329.67,200,6.15,16.48,0
2025-05-08,SHO-100168,X3,X3,Action Camera,Shopify,US,1,408.28,408.28,220,4.91,20.41,0
2025-05-08,SHO-100170,Invisible Stick,Invisible Stick,Accessory,Shopify,UK,1,53.72,53.72,12,6.66,2.69,0
2025-05-08,SHO-100171,X3,X3,Action Camera,Shopify,US,1,376.77,376.77,220,7.75,18.84,0
2025-05-08,SHO-100172,Selfie Stick,Selfie Stick,Accessory,Shopify,US,1,25.88,25.88,8,9.29,1.29,0
2025-05-08,SHO-100173,Lens Cap,Lens Cap,Accessory,Shopify,UK,1,9.33,9.33,2,5.13,0.47,0
2025-05-08,SHO-100174,Bike Mount,Bike Mount,Mount,Shopify,US,2,18.41,36.82,12,12.43,1.84,0
2025-05-08,SHO-100176,Tripod Stand,Tripod Stand,Mount,Shopify,US,1,31.98,31.98,10,4.76,1.6,0
2025-05-08,SHO-100177,Selfie Stick,Selfie Stick,Accessory,Shopify,US,1,22.52,22.52,8,8.8,1.13,0
2025-05-08,SHO-100178,X4,X4,Action Camera,Shopify,US,1,506.31,506.31,320,8.41,25.32,0
2025-05-08,SHO-100179,X3,X3,Action Camera,Shopify,US,1,376.3,376.3,220,7.12,18.82,0
2025-05-08,SHO-100181,Ace Pro,Ace Pro,Action Camera,Shopify,UK,1,414.82,414.82,200,9.98,20.74,0
2025-05-08,SHO-100182,Battery,Battery,Accessory,Shopify,UK,1,40.92,40.92,15,8.05,2.05,0
2025-05-08,SHO-100183,Invisible Stick,Invisible Stick,Accessory,Shopify,US,1,44.83,44.83,12,9.87,2.24,0
2025-05-08,SHO-100184,X3,X3,Action Camera,Shopify,US,1,352.63,352.63,220,6.01,17.63,0
2025-05-08,SHO-100185,X4,X4,Action Camera,Shopify,US,1,519.98,519.98,320,9.9,26.0,0
2025-05-08,SHO-100186,Tripod Stand,Tripod Stand,Mount,Shopify,US,1,34.62,34.62,10,5.49,1.73,0
2025-05-08,SHO-100187,X4,X4,Action Camera,Shopify,EU,1,566.06,566.06,320,4.94,28.3,0
2025-05-08,SHO-100188,Invisible Stick,Invisible Stick,Accessory,Shopify,UK,2,48.14,96.28,24,7.47,4.81,0
2025-05-08,SHO-100189,Ace Pro,Ace Pro,Action Camera,Shopify,US,1,328.58,328.58,200,5.11,16.43,0
2025-05-08,SHO-100190,Ace Pro,Ace Pro,Action Camera,Shopify,UK,1,389.05,389.05,200,4.82,19.45,0
2025-05-08,SHO-100191,Helmet Mount,Helmet Mount,Mount,Shopify,UK,1,24.57,24.57,7,7.77,1.23,0
2025-05-09,SHO-100192,Invisible Stick,Invisible Stick,Accessory,Shopify,UK,1,53.93,53.93,12,7.67,2.7,0
2025-05-09,SHO-100193,GO 3S,GO 3S,Action Camera,Shopify,US,1,216.29,216.29,140,6.13,10.81,0
2025-05-09,SHO-100194,X4,X4,Action Camera,Shopify,US,1,473.31,473.31,320,9.97,23.67,0
2025-05-09,SHO-100195,X4,X4,Action Camera,Shopify,EU,2,508.13,1016.26,640,12.75,50.81,0
2025-05-09,SHO-100196,Battery,Battery,Accessory,Shopify,US,3,34.61,103.83,45,10.79,5.19,0
2025-05-09,SHO-100197,GO 3S,GO 3S,Action Camera,Shopify,EU,1,243.98,243.98,140,6.44,12.2,0
2025-05-09,SHO-100198,Tripod Stand,Tripod Stand,Mount,Shopify,US,1,35.04,35.04,10,8.61,1.75,0
2025-05-09,SHO-100199,X3,X3,Action Camera,Shopify,EU,1,461.66,461.66,220,9.97,23.08,0
2025-05-09,SHO-100200,Charging Hub,Charging Hub,Accessory,Shopify,EU,1,65.45,65.45,20,7.47,3.27,0
2025-05-09,SHO-100201,Charging Hub,Charging Hub,Accessory,Shopify,UK,1,71.21,71.21,20,5.55,3.56,0
2025-05-09,SHO-100202,Ace Pro,Ace Pro,Action Camera,Shopify,US,1,360.27,360.27,200,7.56,18.01,0
2025-05-09,SHO-100203,Ace Pro,Ace Pro,Action Camera,Shopify,US,1,329.76,329.76,200,9.83,16.49,0
2025-05-09,SHO-100205,Invisible Stick,Invisible Stick,Accessory,Shopify,EU,1,54.02,54.02,12,6.36,2.7,0
2025-05-09,SHO-100207,Tripod Stand,Tripod Stand,Mount,Shopify,US,1,31.25,31.25,10,5.71,1.56,0
2025-05-09,SHO-100209,Selfie Stick,Selfie Stick,Accessory,Shopify,EU,1,30.05,30.05,8,7.05,1.5,0
2025-05-09,SHO-100210,Ace Pro,Ace Pro,Action Camera,Shopify,US,1,345.36,345.36,200,8.8,17.27,0
2025-05-09,SHO-100211,X4,X4,Action Camera,Shopify,UK,1,561.89,561.89,320,8.05,28.09,0
2025-05-09,SHO-100212,X4,X4,Action Camera,Shopify,US,1,472.91,472.91,320,8.92,23.65,0
2025-05-09,SHO-100213,Battery,Battery,Accessory,Shopify,EU,1,40.14,40.14,15,4.34,2.01,0
2025-05-09,SHO-100214,Battery,Battery,Accessory,Shopify,UK,1,42.36,42.36,15,9.74,2.12,0
2025-05-10,SHO-100216,X3,X3,Action Camera,Shopify,US,1,373.57,373.57,220,8.32,18.68,0
2025-05-10,SHO-100217,Ace Pro,Ace Pro,Action Camera,Shopify,UK,1,372.75,372.75,200,8.39,18.64,0
2025-05-10,SHO-100218,X4,X4,Action Camera,Shopify,EU,1,589.73,589.73,320,9.29,29.49,0
2025-05-10,SHO-100219,Ace Pro,Ace Pro,Action Camera,Shopify,US,1,360.23,360.23,200,8.72,18.01,0
2025-05-10,SHO-100221,Invisible Stick,Invisible Stick,Accessory,Shopify,US,1,45.48,45.48,12,6.09,2.27,0
2025-05-10,SHO-100222,Battery,Battery,Accessory,Shopify,US,1,39.05,39.05,15,8.66,1.95,0
2025-05-10,SHO-100223,X4,X4,Action Camera,Shopify,US,1,468.14,468.14,320,7.4,23.41,0
2025-05-10,SHO-100225,X3,X3,Action Camera,Shopify,US,1,370.4,370.4,220,9.41,18.52,0
2025-05-10,SHO-100226,Lens Cap,Lens Cap,Accessory,Shopify,EU,1,10.65,10.65,2,4.74,0.53,0
2025-05-10,SHO-100227,GO 3S,GO 3S,Action Camera,Shopify,US,1,225.31,225.31,140,8.01,11.27,0
2025-05-10,SHO-100228,X4,X4,Action Camera,Shopify,US,1,477.73,477.73,320,8.64,23.89,0
2025-05-10,SHO-100229,X4,X4,Action Camera,Shopify,UK,2,555.12,1110.24,640,11.21,55.51,0
2025-05-10,SHO-100230,X3,X3,Action Camera,Shopify,US,1,414.08,414.08,220,7.12,20.7,0
2025-05-10,SHO-100231,X3,X3,Action Camera,Shopify,US,1,380.97,380.97,220,6.34,19.05,0
2025-05-10,SHO-100232,X3,X3,Action Camera,Shopify,US,1,368.16,368.16,220,4.54,18.41,0
2025-05-10,SHO-100233,Battery,Battery,Accessory,Shopify,UK,1,45.97,45.97,15,5.68,2.3,0
2025-05-10,SHO-100234,GO 3S,GO 3S,Action Camera,Shopify,US,1,214.31,214.31,140,9.84,10.72,0
2025-05-10,SHO-100236,X3,X3,Action Camera,Shopify,US,1,354.16,354.16,220,5.74,17.71,0
2025-05-10,SHO-100237,X3,X3,Action Camera,Shopify,US,1,418.72,418.72,220,5.38,20.94,0
2025-05-10,SHO-100238,Invisible Stick,Invisible Stick,Accessory,Shopify,US,1,41.43,41.43,12,9.58,2.07,0
2025-05-10,SHO-100239,Charging Hub,Charging Hub,Accessory,Shopify,US,1,54.35,54.35,20,9.33,2.72,0
2025-05-11,SHO-100240,GO 3S,GO 3S,Action Camera,Shopify,UK,1,262.19,262.19,140,7.78,13.11,0
2025-05-11,SHO-100241,X3,X3,Action Camera,Shopify,US,1,411.44,411.44,220,9.81,20.57,0
2025-05-11,SHO-100242,Ace Pro,Ace Pro,Action Camera,Shopify,US,3,342.11,1026.33,600,16.15,51.32,0
2025-05-11,SHO-100243,Charging Hub,Charging Hub,Accessory,Shopify,US,1,58.6,58.6,20,9.36,2.93,0
2025-05-11,SHO-100244,GO 3S,GO 3S,Action Camera,Shopify,US,1,240.44,240.44,140,7.63,12.02,0
2025-05-11,SHO-100245,Helmet Mount,Helmet Mount,Mount,Shopify,US,1,20.16,20.16,7,6.05,1.01,0
2025-05-11,SHO-100246,X4,X4,Action Camera,Shopify,US,1,502.85,502.85,320,5.68,25.14,0
2025-05-11,SHO-100247,Helmet Mount,Helmet Mount,Mount,Shopify,US,1,20.08,20.08,7,9.98,1.0,0
2025-05-11,SHO-100248,Selfie Stick,Selfie Stick,Accessory,Shopify,US,2,25.21,50.42,16,11.36,2.52,0
2025-05-11,SHO-100250,GO 3S,GO 3S,Action Camera,Shopify,EU,1,274.31,274.31,140,4.41,13.72,0
2025-05-11,SHO-100251,X3,X3,Action Camera,Shopify,US,1,361.08,361.08,220,5.1,18.05,0
2025-05-11,SHO-100252,Bike Mount,Bike Mount,Mount,Shopify,US,1,16.99,16.99,6,7.54,0.85,0
2025-05-11,SHO-100253,Invisible Stick,Invisible Stick,Accessory,Shopify,UK,1,52.36,52.36,12,5.15,2.62,0
2025-05-11,SHO-100254,X4,X4,Action Camera,Shopify,US,1,500.11,500.11,320,6.93,25.01,0
2025-05-11,SHO-100255,Ace Pro,Ace Pro,Action Camera,Shopify,US,1,356.56,356.56,200,9.41,17.83,0
2025-05-11,SHO-100256,Battery,Battery,Accessory,Shopify,UK,1,40.72,40.72,15,4.42,2.04,0
2025-05-11,SHO-100257,GO 3S,GO 3S,Action Camera,Shopify,EU,1,275.8,275.8,140,8.15,13.79,0
2025-05-11,SHO-100258,X4,X4,Action Camera,Shopify,US,1,523.8,523.8,320,6.14,26.19,0
2025-05-11,SHO-100259,GO 3S,GO 3S,Action Camera,Shopify,UK,1,244.34,244.34,140,4.46,12.22,0
2025-05-11,SHO-100261,Battery,Battery,Accessory,Shopify,US,1,36.23,36.23,15,8.77,1.81,0
2025-05-11,SHO-100262,Battery,Battery,Accessory,Shopify,US,1,39.69,39.69,15,5.11,1.98,0
2025-05-11,SHO-100263,X4,X4,Action Camera,Shopify,UK,1,568.64,568.64,320,6.48,28.43,0
2025-05-12,SHO-100265,Ace Pro,Ace Pro,Action Camera,Shopify,US,1,318.56,318.56,200,4.79,15.93,0
2025-05-12,SHO-100266,X3,X3,Action Camera,Shopify,US,2,387.12,774.24,440,10.34,38.71,0
2025-05-12,SHO-100267,Tripod Stand,Tripod Stand,Mount,Shopify,US,1,34.27,34.27,10,4.87,1.71,0
2025-05-12,SHO-100268,GO 3S,GO 3S,Action Camera,Shopify,UK,1,266.86,266.86,140,8.1,13.34,0
2025-05-12,SHO-100269,Bike Mount,Bike Mount,Mount,Shopify,EU,1,22.84,22.84,6,4.44,1.14,0
2025-05-12,SHO-100271,Selfie Stick,Selfie Stick,Accessory,Shopify,UK,1,25.91,25.91,8,5.01,1.3,0
2025-05-12,SHO-100272,Bike Mount,Bike Mount,Mount,Shopify,UK,1,21.45,21.45,6,5.21,1.07,0
2025-05-12,SHO-100273,Lens Cap,Lens Cap,Accessory,Shopify,US,1,9.38,9.38,2,9.06,0.47,0
2025-05-12,SHO-100274,Selfie Stick,Selfie Stick,Accessory,Shopify,EU,1,27.76,27.76,8,6.73,1.39,0
2025-05-12,SHO-100275,Charging Hub,Charging Hub,Accessory,Shopify,US,1,52.58,52.58,20,4.25,2.63,0
2025-05-12,SHO-100276,Lens Cap,Lens Cap,Accessory,Shopify,US,1,8.97,8.97,2,5.52,0.45,0
2025-05-12,SHO-100277,Lens Cap,Lens Cap,Accessory,Shopify,US,1,8.87,8.87,2,9.86,0.44,0
2025-05-12,SHO-100278,GO 3S,GO 3S,Action Camera,Shopify,US,1,232.8,232.8,140,5.96,11.64,0
2025-05-12,SHO-100280,X4,X4,Action Camera,Shopify,US,1,441.18,441.18,320,8.94,22.06,0
2025-05-12,SHO-100281,X4,X4,Action Camera,Shopify,US,1,480.99,480.99,320,6.61,24.05,0
2025-05-12,SHO-100282,Lens Cap,Lens Cap,Accessory,Shopify,US,1,9.09,9.09,2,7.99,0.45,0
2025-05-12,SHO-100283,GO 3S,GO 3S,Action Camera,Shopify,US,1,226.28,226.28,140,6.99,11.31,0
2025-05-12,SHO-100284,Lens Cap,Lens Cap,Accessory,Shopify,UK,1,9.84,9.84,2,6.23,0.49,0
2025-05-12,SHO-100285,GO 3S,GO 3S,Action Camera,Shopify,EU,1,283.86,283.86,140,8.24,14.19,0
2025-05-12,SHO-100286,Selfie Stick,Selfie Stick,Accessory,Shopify,EU,1,25.56,25.56,8,7.46,1.28,0
2025-05-12,SHO-100287,GO 3S,GO 3S,Action Camera,Shopify,US,1,236.68,236.68,140,5.88,11.83,0
2025-05-13,SHO-100288,Invisible Stick,Invisible Stick,Accessory,Shopify,EU,1,48.41,48.41,12,6.22,2.42,0
2025-05-13,SHO-100289,X4,X4,Action Camera,Shopify,UK,1,590.82,590.82,320,9.55,29.54,0
2025-05-13,SHO-100291,Lens Cap,Lens Cap,Accessory,Shopify,US,1,8.71,8.71,2,5.94,0.44,0
2025-05-13,SHO-100292,X4,X4,Action Camera,Shopify,UK,1,506.71,506.71,320,7.31,25.34,0
2025-05-13,SHO-100293,GO 3S,GO 3S,Action Camera,Shopify,US,2,235.16,470.32,280,7.03,23.52,0
2025-05-13,SHO-100294,Ace Pro,Ace Pro,Action Camera,Shopify,US,1,355.08,355.08,200,8.48,17.75,0
2025-05-13,SHO-100295,Bike Mount,Bike Mount,Mount,Shopify,US,2,16.95,33.9,12,10.36,1.7,0
2025-05-13,SHO-100296,X3,X3,Action Camera,Shopify,UK,1,405.2,405.2,220,7.64,20.26,0
2025-05-13,SHO-100297,X4,X4,Action Camera,Shopify,EU,2,533.52,1067.04,640,10.85,53.35,0
2025-05-13,SHO-100298,Battery,Battery,Accessory,Shopify,EU,1,45.61,45.61,15,6.98,2.28,0
2025-05-13,SHO-100299,Helmet Mount,Helmet Mount,Mount,Shopify,US,1,21.87,21.87,7,5.56,1.09,0
2025-05-13,SHO-100300,Helmet Mount,Helmet Mount,Mount,Shopify,UK,1,23.43,23.43,7,7.25,1.17,0
2025-05-13,SHO-100301,X3,X3,Action Camera,Shopify,US,1,377.43,377.43,220,4.95,18.87,0
2025-05-13,SHO-100302,Invisible Stick,Invisible Stick,Accessory,Shopify,US,1,46.17,46.17,12,8.2,2.31,0
2025-05-13,SHO-100304,X4,X4,Action Camera,Shopify,US,1,472.4,472.4,320,5.44,23.62,0
2025-05-13,SHO-100306,X3,X3,Action Camera,Shopify,UK,1,469.51,469.51,220,9.72,23.48,0
2025-05-13,SHO-100307,Battery,Battery,Accessory,Shopify,EU,1,47.05,47.05,15,8.63,2.35,0
2025-05-13,SHO-100308,X3,X3,Action Camera,Shopify,US,1,393.2,393.2,220,8.22,19.66,0
2025-05-13,SHO-100310,GO 3S,GO 3S,Action Camera,Shopify,US,1,215.96,215.96,140,6.19,10.8,0
2025-05-13,SHO-100311,X4,X4,Action Camera,Shopify,EU,1,576.29,576.29,320,5.03,28.81,0
2025-05-14,SHO-100312,Ace Pro,Ace Pro,Action Camera,Shopify,EU,1,392.47,392.47,200,9.09,19.62,0
2025-05-14,SHO-100313,X4,X4,Action Camera,Shopify,UK,1,516.25,516.25,320,8.46,25.81,0
2025-05-14,SHO-100314,Selfie Stick,Selfie Stick,Accessory,Shopify,EU,1,26.36,26.36,8,4.63,1.32,0
2025-05-14,SHO-100318,X3,X3,Action Camera,Shopify,UK,2,465.0,930.0,440,10.76,46.5,0
2025-05-14,SHO-100320,X3,X3,Action Camera,Shopify,US,1,374.06,374.06,220,5.3,18.7,0
2025-05-14,SHO-100321,Helmet Mount,Helmet Mount,Mount,Shopify,US,1,21.53,21.53,7,8.39,1.08,0
2025-05-14,SHO-100323,Tripod Stand,Tripod Stand,Mount,Shopify,US,2,36.45,72.9,20,8.41,3.65,0
2025-05-14,SHO-100324,X3,X3,Action Camera,Shopify,UK,1,423.07,423.07,220,8.29,21.15,0
2025-05-14,SHO-100325,X3,X3,Action Camera,Shopify,US,1,390.15,390.15,220,9.86,19.51,0
2025-05-14,SHO-100326,GO 3S,GO 3S,Action Camera,Shopify,US,1,216.95,216.95,140,6.88,10.85,0
2025-05-14,SHO-100327,Ace Pro,Ace Pro,Action Camera,Shopify,EU,1,394.52,394.52,200,4.76,19.73,0
2025-05-14,SHO-100328,Battery,Battery,Accessory,Shopify,EU,1,43.3,43.3,15,7.12,2.16,0
2025-05-14,SHO-100329,Lens Cap,Lens Cap,Accessory,Shopify,EU,1,9.26,9.26,2,8.42,0.46,0
2025-05-14,SHO-100330,Selfie Stick,Selfie Stick,Accessory,Shopify,UK,1,29.28,29.28,8,7.29,1.46,0
2025-05-14,SHO-100331,Battery,Battery,Accessory,Shopify,EU,1,41.32,41.32,15,4.53,2.07,0
2025-05-14,SHO-100332,Bike Mount,Bike Mount,Mount,Shopify,US,1,17.78,17.78,6,6.03,0.89,0
2025-05-14,SHO-100333,GO 3S,GO 3S,Action Camera,Shopify,UK,1,286.2,286.2,140,7.44,14.31,0
2025-05-14,SHO-100334,X4,X4,Action Camera,Shopify,US,2,513.52,1027.04,640,6.41,51.35,0
2025-05-14,SHO-100335,GO 3S,GO 3S,Action Camera,Shopify,US,1,217.82,217.82,140,6.07,10.89,0
2025-05-15,SHO-100336,GO 3S,GO 3S,Action Camera,Shopify,UK,2,247.31,494.62,280,12.37,24.73,0
2025-05-15,SHO-100337,GO 3S,GO 3S,Action Camera,Shopify,US,1,223.31,223.31,140,6.04,11.17,0
2025-05-15,SHO-100338,Battery,Battery,Accessory,Shopify,EU,1,41.31,41.31,15,5.96,2.07,0
2025-05-15,SHO-100339,X3,X3,Action Camera,Shopify,UK,1,433.85,433.85,220,4.88,21.69,0
2025-05-15,SHO-100341,X4,X4,Action Camera,Shopify,UK,1,575.64,575.64,320,6.3,28.78,0
2025-05-15,SHO-100343,Ace Pro,Ace Pro,Action Camera,Shopify,US,2,309.81,619.62,400,7.8,30.98,0
2025-05-15,SHO-100344,Lens Cap,Lens Cap,Accessory,Shopify,US,1,9.23,9.23,2,5.87,0.46,0
2025-05-15,SHO-100345,Ace Pro,Ace Pro,Action Camera,Shopify,EU,1,405.44,405.44,200,7.42,20.27,0
2025-05-15,SHO-100346,Battery,Battery,Accessory,Shopify,EU,1,40.56,40.56,15,9.47,2.03,0
2025-05-15,SHO-100347,GO 3S,GO 3S,Action Camera,Shopify,US,1,241.73,241.73,140,9.51,12.09,0
2025-05-15,SHO-100348,X3,X3,Action Camera,Shopify,UK,1,450.17,450.17,220,6.51,22.51,0
2025-05-15,SHO-100349,GO 3S,GO 3S,Action Camera,Shopify,UK,1,264.92,264.92,140,4.98,13.25,0
2025-05-15,SHO-100350,Battery,Battery,Accessory,Shopify,US,1,37.68,37.68,15,5.44,1.88,0
2025-05-15,SHO-100351,X4,X4,Action Camera,Shopify,US,1,444.81,444.81,320,7.01,22.24,0
2025-05-15,SHO-100352,Lens Cap,Lens Cap,Accessory,Shopify,UK,1,9.83,9.83,2,7.78,0.49,0
2025-05-15,SHO-100353,GO 3S,GO 3S,Action Camera,Shopify,US,2,218.16,436.32,280,14.14,21.82,0
2025-05-15,SHO-100355,X3,X3,Action Camera,Shopify,UK,1,472.62,472.62,220,8.96,23.63,0
2025-05-15,SHO-100356,GO 3S,GO 3S,Action Camera,Shopify,EU,1,265.2,265.2,140,8.2,13.26,0
2025-05-15,SHO-100357,Ace Pro,Ace Pro,Action Camera,Shopify,US,1,311.75,311.75,200,6.13,15.59,0
2025-05-15,SHO-100358,Tripod Stand,Tripod Stand,Mount,Shopify,EU,1,39.57,39.57,10,5.1,1.98,0
2025-05-15,SHO-100359,X4,X4,Action Camera,Shopify,US,1,465.44,465.44,320,4.29,23.27,0
2025-05-16,SHO-100360,X3,X3,Action Camera,Shopify,US,1,368.2,368.2,220,5.06,18.41,0
2025-05-16,SHO-100361,X3,X3,Action Camera,Shopify,UK,1,442.23,442.23,220,8.12,22.11,0
2025-05-16,SHO-100362,Selfie Stick,Selfie Stick,Accessory,Shopify,EU,1,27.71,27.71,8,9.29,1.39,0
2025-05-16,SHO-100365,Selfie Stick,Selfie Stick,Accessory,Shopify,US,1,23.95,23.95,8,7.67,1.2,0
2025-05-16,SHO-100366,X3,X3,Action Camera,Shopify,UK,2,456.42,912.84,440,13.03,45.64,0
2025-05-16,SHO-100367,X3,X3,Action Camera,Shopify,US,1,382.07,382.07,220,9.07,19.1,0
2025-05-16,SHO-100368,X4,X4,Action Camera,Shopify,US,1,471.73,471.73,320,4.78,23.59,0
2025-05-16,SHO-100369,X4,X4,Action Camera,Shopify,US,1,518.14,518.14,320,8.01,25.91,0
2025-05-16,SHO-100370,Invisible Stick,Invisible Stick,Accessory,Shopify,US,1,41.08,41.08,12,5.33,2.05,0
2025-05-16,SHO-100371,X4,X4,Action Camera,Shopify,US,1,493.59,493.59,320,7.98,24.68,0
2025-05-16,SHO-100372,Charging Hub,Charging Hub,Accessory,Shopify,US,1,59.91,59.91,20,9.71,3.0,0
2025-05-16,SHO-100374,GO 3S,GO 3S,Action Camera,Shopify,US,2,221.87,443.74,280,13.03,22.19,0
2025-05-16,SHO-100375,Selfie Stick,Selfie Stick,Accessory,Shopify,US,1,22.2,22.2,8,5.43,1.11,0
2025-05-16,SHO-100376,Charging Hub,Charging Hub,Accessory,Shopify,US,1,56.33,56.33,20,8.7,2.82,0
2025-05-16,SHO-100377,X3,X3,Action Camera,Shopify,UK,1,467.54,467.54,220,7.9,23.38,0
2025-05-16,SHO-100378,X3,X3,Action Camera,Shopify,US,1,418.29,418.29,220,8.42,20.91,0
2025-05-16,SHO-100379,Charging Hub,Charging Hub,Accessory,Shopify,UK,1,59.87,59.87,20,4.7,2.99,0
2025-05-16,SHO-100380,Charging Hub,Charging Hub,Accessory,Shopify,US,1,59.87,59.87,20,9.62,2.99,0
2025-05-16,SHO-100381,Selfie Stick,Selfie Stick,Accessory,Shopify,US,1,22.99,22.99,8,8.84,1.15,0
2025-05-16,SHO-100382,Charging Hub,Charging Hub,Accessory,Shopify,US,1,55.26,55.26,20,6.63,2.76,0
2025-05-16,SHO-100383,X4,X4,Action Camera,Shopify,EU,1,554.53,554.53,320,9.03,27.73,0
2025-05-17,SHO-100384,Ace Pro,Ace Pro,Action Camera,Shopify,EU,1,360.91,360.91,200,7.57,18.05,0
2025-05-17,SHO-100385,GO 3S,GO 3S,Action Camera,Shopify,US,1,243.74,243.74,140,7.55,12.19,0
2025-05-17,SHO-100386,Battery,Battery,Accessory,Shopify,US,1,36.55,36.55,15,9.05,1.83,0
2025-05-17,SHO-100388,Helmet Mount,Helmet Mount,Mount,Shopify,UK,1,23.21,23.21,7,9.17,1.16,0
2025-05-17,SHO-100389,X3,X3,Action Camera,Shopify,US,1,403.42,403.42,220,8.87,20.17,0
2025-05-17,SHO-100390,Helmet Mount,Helmet Mount,Mount,Shopify,US,1,22.01,22.01,7,7.23,1.1,0
2025-05-17,SHO-100391,X4,X4,Action Camera,Shopify,UK,1,568.87,568.87,320,4.23,28.44,0
2025-05-17,SHO-100392,Lens Cap,Lens Cap,Accessory,Shopify,US,1,8.74,8.74,2,8.99,0.44,0
2025-05-17,SHO-100393,X3,X3,Action Camera,Shopify,US,2,375.49,750.98,440,6.02,37.55,0
2025-05-17,SHO-100394,Lens Cap,Lens Cap,Accessory,Shopify,US,3,8.85,26.55,6,13.99,1.33,0
2025-05-17,SHO-100395,Bike Mount,Bike Mount,Mount,Shopify,US,1,17.12,17.12,6,8.54,0.86,0
2025-05-17,SHO-100396,Selfie Stick,Selfie Stick,Accessory,Shopify,US,1,25.25,25.25,8,6.14,1.26,0
2025-05-17,SHO-100397,X3,X3,Action Camera,Shopify,UK,1,446.78,446.78,220,9.81,22.34,0
2025-05-17,SHO-100398,X3,X3,Action Camera,Shopify,US,1,410.36,410.36,220,7.4,20.52,0
2025-05-17,SHO-100399,X4,X4,Action Camera,Shopify,EU,1,532.59,532.59,320,6.09,26.63,0
2025-05-17,SHO-100400,Selfie Stick,Selfie Stick,Accessory,Shopify,EU,2,27.55,55.1,16,13.42,2.76,0
2025-05-17,SHO-100401,X3,X3,Action Camera,Shopify,EU,1,429.04,429.04,220,9.93,21.45,0
2025-05-17,SHO-100403,Helmet Mount,Helmet Mount,Mount,Shopify,US,1,20.76,20.76,7,4.66,1.04,0
2025-05-17,SHO-100404,Battery,Battery,Accessory,Shopify,US,1,38.01,38.01,15,7.48,1.9,0
2025-05-17,SHO-100405,X3,X3,Action Camera,Shopify,UK,1,427.23,427.23,220,5.76,21.36,0
2025-05-17,SHO-100406,Selfie Stick,Selfie Stick,Accessory,Shopify,US,2,24.44,48.88,16,14.27,2.44,0
2025-05-18,SHO-100408,X4,X4,Action Camera,Shopify,US,2,442.23,884.46,640,9.91,44.22,0
2025-05-18,SHO-100410,Charging Hub,Charging Hub,Accessory,Shopify,UK,1,63.73,63.73,20,9.66,3.19,0
2025-05-18,SHO-100411,GO 3S,GO 3S,Action Camera,Shopify,US,2,233.74,467.48,280,12.34,23.37,0
2025-05-18,SHO-100412,X3,X3,Action Camera,Shopify,UK,1,442.9,442.9,220,7.73,22.14,0
2025-05-18,SHO-100413,Battery,Battery,Accessory,Shopify,EU,2,41.92,83.84,30,9.64,4.19,0
2025-05-18,SHO-100414,Selfie Stick,Selfie Stick,Accessory,Shopify,US,2,24.28,48.56,16,10.62,2.43,0
2025-05-18,SHO-100418,GO 3S,GO 3S,Action Camera,Shopify,US,1,235.07,235.07,140,7.65,11.75,0
2025-05-18,SHO-100419,Charging Hub,Charging Hub,Accessory,Shopify,US,1,53.84,53.84,20,5.6,2.69,0
2025-05-18,SHO-100420,Lens Cap,Lens Cap,Accessory,Shopify,US,1,8.06,8.06,2,4.87,0.4,0
2025-05-18,SHO-100421,Helmet Mount,Helmet Mount,Mount,Shopify,UK,2,25.06,50.12,14,12.07,2.51,0
2025-05-18,SHO-100422,Selfie Stick,Selfie Stick,Accessory,Shopify,US,1,23.64,23.64,8,6.65,1.18,0
2025-05-18,SHO-100423,X4,X4,Action Camera,Shopify,US,1,522.23,522.23,320,4.7,26.11,0
2025-05-18,SHO-100424,Bike Mount,Bike Mount,Mount,Shopify,US,1,17.96,17.96,6,4.69,0.9,0
2025-05-18,SHO-100425,X4,X4,Action Camera,Shopify,US,1,488.83,488.83,320,7.63,24.44,0
2025-05-18,SHO-100426,X3,X3,Action Camera,Shopify,UK,1,470.71,470.71,220,6.89,23.54,0
2025-05-18,SHO-100427,X3,X3,Action Camera,Shopify,US,1,404.37,404.37,220,5.37,20.22,0
2025-05-18,SHO-100428,X4,X4,Action Camera,Shopify,US,1,500.43,500.43,320,9.76,25.02,0
2025-05-18,SHO-100429,X4,X4,Action Camera,Shopify,UK,1,547.22,547.22,320,6.92,27.36,0
2025-05-18,SHO-100431,GO 3S,GO 3S,Action Camera,Shopify,UK,1,250.52,250.52,140,5.23,12.53,0
2025-05-19,SHO-100432,X4,X4,Action Camera,Shopify,UK,3,568.6,1705.8,960,15.26,85.29,0
2025-05-19,SHO-100433,X3,X3,Action Camera,Shopify,EU,2,442.54,885.08,440,8.6,44.25,0
2025-05-19,SHO-100434,X4,X4,Action Camera,Shopify,UK,1,517.17,517.17,320,9.85,25.86,0
2025-05-19,SHO-100435,Helmet Mount,Helmet Mount,Mount,Shopify,US,1,21.54,21.54,7,6.51,1.08,0
2025-05-19,SHO-100436,GO 3S,GO 3S,Action Camera,Shopify,UK,1,257.45,257.45,140,4.1,12.87,0
2025-05-19,SHO-100437,Selfie Stick,Selfie Stick,Accessory,Shopify,US,2,22.1,44.2,16,11.29,2.21,0
2025-05-19,SHO-100438,Battery,Battery,Accessory,Shopify,US,2,40.41,80.82,30,11.04,4.04,0
2025-05-19,SHO-100439,X4,X4,Action Camera,Shopify,US,1,504.68,504.68,320,6.41,25.23,0
2025-05-19,SHO-100440,X4,X4,Action Camera,Shopify,US,1,442.98,442.98,320,7.24,22.15,0
2025-05-19,SHO-100441,Selfie Stick,Selfie Stick,Accessory,Shopify,US,1,23.44,23.44,8,6.16,1.17,0
2025-05-19,SHO-100442,Lens Cap,Lens Cap,Accessory,Shopify,US,1,8.83,8.83,2,9.64,0.44,0
2025-05-19,SHO-100443,Battery,Battery,Accessory,Shopify,UK,1,44.95,44.95,15,8.93,2.25,0
2025-05-19,SHO-100444,X3,X3,Action Camera,Shopify,US,1,411.15,411.15,220,6.06,20.56,0
2025-05-19,SHO-100445,Bike Mount,Bike Mount,Mount,Shopify,US,1,19.5,19.5,6,6.93,0.98,0
2025-05-19,SHO-100446,X4,X4,Action Camera,Shopify,US,1,481.1,481.1,320,9.78,24.06,0
2025-05-19,SHO-100447,Bike Mount,Bike Mount,Mount,Shopify,US,2,18.95,37.9,12,9.52,1.9,0
2025-05-19,SHO-100448,X4,X4,Action Camera,Shopify,US,1,493.88,493.88,320,6.18,24.69,0
2025-05-19,SHO-100449,Helmet Mount,Helmet Mount,Mount,Shopify,UK,1,22.78,22.78,7,5.75,1.14,0
2025-05-19,SHO-100450,GO 3S,GO 3S,Action Camera,Shopify,US,1,246.24,246.24,140,7.61,12.31,0
2025-05-19,SHO-100451,GO 3S,GO 3S,Action Camera,Shopify,US,2,248.88,497.76,280,14.53,24.89,0
2025-05-19,SHO-100452,Charging Hub,Charging Hub,Accessory,Shopify,UK,1,66.64,66.64,20,4.8,3.33,0
2025-05-19,SHO-100453,Invisible Stick,Invisible Stick,Accessory,Shopify,US,2,40.31,80.62,24,8.99,4.03,0
2025-05-19,SHO-100454,X4,X4,Action Camera,Shopify,US,1,510.19,510.19,320,4.37,25.51,0
2025-05-19,SHO-100455,X4,X4,Action Camera,Shopify,UK,1,567.91,567.91,320,6.24,28.4,0
2025-05-20,SHO-100456,Battery,Battery,Accessory,Shopify,UK,1,43.18,43.18,15,5.48,2.16,0
2025-05-20,SHO-100457,Battery,Battery,Accessory,Shopify,US,1,36.38,36.38,15,9.79,1.82,0
2025-05-20,SHO-100458,Bike Mount,Bike Mount,Mount,Shopify,US,1,17.94,17.94,6,4.46,0.9,0
2025-05-20,SHO-100459,Selfie Stick,Selfie Stick,Accessory,Shopify,US,1,22.64,22.64,8,6.19,1.13,0
2025-05-20,SHO-100461,X4,X4,Action Camera,Shopify,US,1,479.68,479.68,320,7.25,23.98,0
2025-05-20,SHO-100462,Ace Pro,Ace Pro,Action Camera,Shopify,US,1,356.38,356.38,200,7.26,17.82,0
2025-05-20,SHO-100463,Tripod Stand,Tripod Stand,Mount,Shopify,UK,3,40.16,120.48,30,12.52,6.02,0
2025-05-20,SHO-100464,Selfie Stick,Selfie Stick,Accessory,Shopify,EU,1,29.61,29.61,8,5.96,1.48,0
2025-05-20,SHO-100465,Helmet Mount,Helmet Mount,Mount,Shopify,UK,3,25.6,76.8,21,13.36,3.84,0
2025-05-20,SHO-100466,Helmet Mount,Helmet Mount,Mount,Shopify,US,1,20.99,20.99,7,7.09,1.05,0
2025-05-20,SHO-100468,X4,X4,Action Camera,Shopify,US,1,478.78,478.78,320,9.04,23.94,0
2025-05-20,SHO-100469,Tripod Stand,Tripod Stand,Mount,Shopify,US,1,35.99,35.99,10,8.5,1.8,0
2025-05-20,SHO-100470,Invisible Stick,Invisible Stick,Accessory,Shopify,US,2,43.46,86.92,24,10.23,4.35,0
2025-05-20,SHO-100471,X3,X3,Action Camera,Shopify,US,1,353.61,353.61,220,5.55,17.68,0
2025-05-20,SHO-100472,Bike Mount,Bike Mount,Mount,Shopify,US,1,19.81,19.81,6,7.85,0.99,0
2025-05-20,SHO-100473,X3,X3,Action Camera,Shopify,US,1,383.05,383.05,220,9.36,19.15,0
2025-05-20,SHO-100474,X3,X3,Action Camera,Shopify,UK,1,416.44,416.44,220,7.45,20.82,0
2025-05-20,SHO-100475,Charging Hub,Charging Hub,Accessory,Shopify,US,1,52.79,52.79,20,6.81,2.64,0
2025-05-20,SHO-100476,X3,X3,Action Camera,Shopify,US,2,406.85,813.7,440,11.73,40.68,0
2025-05-21,SHO-100480,X4,X4,Action Camera,Shopify,UK,3,540.73,1622.19,960,13.42,81.11,0
2025-05-21,SHO-100481,Helmet Mount,Helmet Mount,Mount,Shopify,EU,1,22.99,22.99,7,8.52,1.15,0
2025-05-21,SHO-100482,X4,X4,Action Camera,Shopify,US,1,457.68,457.68,320,9.22,22.88,0
2025-05-21,SHO-100484,Selfie Stick,Selfie Stick,Accessory,Shopify,US,1,25.33,25.33,8,9.59,1.27,0
2025-05-21,SHO-100485,Lens Cap,Lens Cap,Accessory,Shopify,UK,1,10.67,10.67,2,4.01,0.53,0
2025-05-21,SHO-100486,Ace Pro,Ace Pro,Action Camera,Shopify,US,2,345.54,691.08,400,10.29,34.55,0
2025-05-21,SHO-100487,GO 3S,GO 3S,Action Camera,Shopify,US,1,225.18,225.18,140,4.82,11.26,0
2025-05-21,SHO-100488,GO 3S,GO 3S,Action Camera,Shopify,US,1,218.84,218.84,140,9.54,10.94,0
2025-05-21,SHO-100490,Ace Pro,Ace Pro,Action Camera,Shopify,UK,1,419.15,419.15,200,5.68,20.96,0
2025-05-21,SHO-100491,Invisible Stick,Invisible Stick,Accessory,Shopify,EU,1,54.25,54.25,12,8.2,2.71,0
2025-05-21,SHO-100492,GO 3S,GO 3S,Action Camera,Shopify,US,1,241.22,241.22,140,7.5,12.06,0
2025-05-21,SHO-100494,X3,X3,Action Camera,Shopify,EU,2,477.15,954.3,440,13.29,47.72,0
2025-05-21,SHO-100495,Ace Pro,Ace Pro,Action Camera,Shopify,US,1,343.37,343.37,200,4.24,17.17,0
2025-05-21,SHO-100496,Helmet Mount,Helmet Mount,Mount,Shopify,US,1,21.1,21.1,7,9.28,1.06,0
2025-05-21,SHO-100497,X3,X3,Action Camera,Shopify,US,1,416.19,416.19,220,5.04,20.81,0
2025-05-21,SHO-100499,Bike Mount,Bike Mount,Mount,Shopify,EU,1,21.68,21.68,6,7.37,1.08,0
2025-05-21,SHO-100501,X4,X4,Action Camera,Shopify,US,2,464.91,929.82,640,14.44,46.49,0
2025-05-21,SHO-100502,X3,X3,Action Camera,Shopify,UK,1,442.9,442.9,220,9.28,22.14,0
2025-05-22,SHO-100504,X4,X4,Action Camera,Shopify,EU,1,586.23,586.23,320,8.02,29.31,0
2025-05-22,SHO-100505,Helmet Mount,Helmet Mount,Mount,Shopify,US,1,22.41,22.41,7,4.63,1.12,0
2025-05-22,SHO-100506,Ace Pro,Ace Pro,Action Camera,Shopify,UK,1,390.56,390.56,200,8.26,19.53,0
2025-05-22,SHO-100507,Helmet Mount,Helmet Mount,Mount,Shopify,UK,1,24.13,24.13,7,4.66,1.21,0
2025-05-22,SHO-100508,Invisible Stick,Invisible Stick,Accessory,Shopify,UK,1,49.91,49.91,12,7.68,2.5,0
2025-05-22,SHO-100509,Lens Cap,Lens Cap,Accessory,Shopify,US,1,9.36,9.36,2,8.17,0.47,0
2025-05-22,SHO-100510,X3,X3,Action Camera,Shopify,EU,2,435.39,870.78,440,6.33,43.54,0
2025-05-22,SHO-100512,Selfie Stick,Selfie Stick,Accessory,Shopify,US,1,25.05,25.05,8,4.1,1.25,0
2025-05-22,SHO-100514,X4,X4,Action Camera,Shopify,US,1,508.28,508.28,320,8.51,25.41,0
2025-05-22,SHO-100515,Selfie Stick,Selfie Stick,Accessory,Shopify,UK,1,30.15,30.15,8,5.09,1.51,0
2025-05-22,SHO-100516,X3,X3,Action Camera,Shopify,EU,3,465.79,1397.37,660,15.53,69.87,0
2025-05-22,SHO-100517,Invisible Stick,Invisible Stick,Accessory,Shopify,UK,2,48.32,96.64,24,8.99,4.83,0
2025-05-22,SHO-100518,X4,X4,Action Camera,Shopify,EU,1,595.36,595.36,320,6.01,29.77,0
2025-05-22,SHO-100519,GO 3S,GO 3S,Action Camera,Shopify,UK,1,287.06,287.06,140,8.14,14.35,0
2025-05-22,SHO-100520,Helmet Mount,Helmet Mount,Mount,Shopify,US,1,19.74,19.74,7,9.39,0.99,0
2025-05-22,SHO-100521,X3,X3,Action Camera,Shopify,EU,1,414.79,414.79,220,8.61,20.74,0
2025-05-22,SHO-100522,X4,X4,Action Camera,Shopify,UK,1,570.27,570.27,320,6.95,28.51,0
2025-05-22,SHO-100523,X4,X4,Action Camera,Shopify,UK,1,549.4,549.4,320,4.9,27.47,0
2025-05-22,SHO-100524,X3,X3,Action Camera,Shopify,US,1,403.52,403.52,220,6.88,20.18,0
2025-05-22,SHO-100525,X4,X4,Action Camera,Shopify,US,1,519.46,519.46,320,4.44,25.97,0
2025-05-22,SHO-100527,Selfie Stick,Selfie Stick,Accessory,Shopify,US,1,22.31,22.31,8,5.17,1.12,0
2025-05-23,SHO-100528,Selfie Stick,Selfie Stick,Accessory,Shopify,UK,1,29.91,29.91,8,6.04,1.5,0
2025-05-23,SHO-100529,Ace Pro,Ace Pro,Action Camera,Shopify,US,1,355.67,355.67,200,6.37,17.78,0
2025-05-23,SHO-100530,X3,X3,Action Camera,Shopify,UK,1,469.63,469.63,220,5.29,23.48,0
2025-05-23,SHO-100532,X4,X4,Action Camera,Shopify,US,1,503.86,503.86,320,5.44,25.19,0
2025-05-23,SHO-100533,Ace Pro,Ace Pro,Action Camera,Shopify,EU,3,412.52,1237.56,600,17.1,61.88,0
2025-05-23,SHO-100534,Battery,Battery,Accessory,Shopify,EU,1,43.57,43.57,15,5.3,2.18,0
2025-05-23,SHO-100535,GO 3S,GO 3S,Action Camera,Shopify,US,1,249.33,249.33,140,7.3,12.47,0
2025-05-23,SHO-100536,X3,X3,Action Camera,Shopify,US,1,370.03,370.03,220,6.27,18.5,0
2025-05-23,SHO-100537,Ace Pro,Ace Pro,Action Camera,Shopify,UK,1,374.74,374.74,200,7.66,18.74,0
2025-05-23,SHO-100539,X4,X4,Action Camera,Shopify,US,1,440.78,440.78,320,5.46,22.04,0
2025-05-23,SHO-100540,X4,X4,Action Camera,Shopify,US,2,506.24,1012.48,640,8.73,50.62,0
2025-05-23,SHO-100541,X3,X3,Action Camera,Shopify,US,3,410.13,1230.39,660,13.57,61.52,0
2025-05-23,SHO-100542,Lens Cap,Lens Cap,Accessory,Shopify,US,1,8.64,8.64,2,9.46,0.43,0
2025-05-23,SHO-100544,X4,X4,Action Camera,Shopify,US,1,497.38,497.38,320,4.34,24.87,0
2025-05-23,SHO-100545,Ace Pro,Ace Pro,Action Camera,Shopify,US,1,346.49,346.49,200,7.12,17.32,0
2025-05-23,SHO-100546,Ace Pro,Ace Pro,Action Camera,Shopify,EU,1,397.03,397.03,200,4.43,19.85,0
2025-05-23,SHO-100548,GO 3S,GO 3S,Action Camera,Shopify,UK,1,271.1,271.1,140,6.46,13.56,0
2025-05-23,SHO-100549,Ace Pro,Ace Pro,Action Camera,Shopify,UK,1,410.95,410.95,200,6.02,20.55,0
2025-05-23,SHO-100550,X4,X4,Action Camera,Shopify,UK,2,506.33,1012.66,640,9.95,50.63,0
2025-05-23,SHO-100551,Lens Cap,Lens Cap,Accessory,Shopify,US,3,8.86,26.58,6,9.95,1.33,0
2025-05-24,SHO-100553,X4,X4,Action Camera,Shopify,US,1,490.32,490.32,320,8.11,24.52,0
2025-05-24,SHO-100554,Battery,Battery,Accessory,Shopify,EU,1,44.83,44.83,15,9.56,2.24,0
2025-05-24,SHO-100555,Lens Cap,Lens Cap,Accessory,Shopify,US,1,8.78,8.78,2,8.19,0.44,0
2025-05-24,SHO-100556,X4,X4,Action Camera,Shopify,US,1,502.15,502.15,320,4.81,25.11,0
2025-05-24,SHO-100557,X3,X3,Action Camera,Shopify,US,1,409.87,409.87,220,7.51,20.49,0
2025-05-24,SHO-100558,Ace Pro,Ace Pro,Action Camera,Shopify,US,1,365.8,365.8,200,8.34,18.29,0
2025-05-24,SHO-100560,GO 3S,GO 3S,Action Camera,Shopify,US,1,244.45,244.45,140,4.37,12.22,0
2025-05-24,SHO-100561,X3,X3,Action Camera,Shopify,US,1,351.91,351.91,220,5.8,17.6,0
2025-05-24,SHO-100562,X3,X3,Action Camera,Shopify,US,1,389.22,389.22,220,8.84,19.46,0
2025-05-24,SHO-100563,Bike Mount,Bike Mount,Mount,Shopify,UK,1,19.55,19.55,6,4.12,0.98,0
2025-05-24,SHO-100564,Bike Mount,Bike Mount,Mount,Shopify,US,1,17.01,17.01,6,8.19,0.85,0
2025-05-24,SHO-100565,X4,X4,Action Camera,Shopify,US,1,488.55,488.55,320,8.23,24.43,0
2025-05-24,SHO-100566,Selfie Stick,Selfie Stick,Accessory,Shopify,US,1,26.18,26.18,8,9.42,1.31,0
2025-05-24,SHO-100567,X3,X3,Action Camera,Shopify,UK,2,456.7,913.4,440,8.24,45.67,0
2025-05-24,SHO-100568,GO 3S,GO 3S,Action Camera,Shopify,US,1,236.63,236.63,140,6.62,11.83,0
2025-05-24,SHO-100570,Battery,Battery,Accessory,Shopify,UK,1,44.73,44.73,15,4.05,2.24,0
2025-05-24,SHO-100571,GO 3S,GO 3S,Action Camera,Shopify,UK,1,242.39,242.39,140,6.1,12.12,0
2025-05-24,SHO-100572,Tripod Stand,Tripod Stand,Mount,Shopify,EU,1,36.69,36.69,10,4.97,1.83,0
2025-05-24,SHO-100573,X4,X4,Action Camera,Shopify,US,1,460.12,460.12,320,4.54,23.01,0
2025-05-24,SHO-100574,X3,X3,Action Camera,Shopify,US,3,359.55,1078.65,660,12.45,53.93,0
2025-05-24,SHO-100575,Bike Mount,Bike Mount,Mount,Shopify,US,1,17.0,17.0,6,8.27,0.85,0
2025-05-25,SHO-100576,Ace Pro,Ace Pro,Action Camera,Shopify,US,1,344.72,344.72,200,7.53,17.24,0
2025-05-25,SHO-100577,X4,X4,Action Camera,Shopify,US,1,456.72,456.72,320,5.24,22.84,0
2025-05-25,SHO-100578,Lens Cap,Lens Cap,Accessory,Shopify,UK,1,9.63,9.63,2,9.46,0.48,0
2025-05-25,SHO-100579,GO 3S,GO 3S,Action Camera,Shopify,US,1,249.19,249.19,140,5.85,12.46,0
2025-05-25,SHO-100580,X4,X4,Action Camera,Shopify,UK,1,537.21,537.21,320,6.48,26.86,0
2025-05-25,SHO-100581,GO 3S,GO 3S,Action Camera,Shopify,US,1,243.61,243.61,140,8.78,12.18,0
2025-05-25,SHO-100583,X4,X4,Action Camera,Shopify,US,2,508.63,1017.26,640,10.96,50.86,0
2025-05-25,SHO-100584,Invisible Stick,Invisible Stick,Accessory,Shopify,UK,1,52.18,52.18,12,5.38,2.61,0
2025-05-25,SHO-100585,Battery,Battery,Accessory,Shopify,US,1,36.41,36.41,15,6.14,1.82,0
2025-05-25,SHO-100586,Lens Cap,Lens Cap,Accessory,Shopify,US,2,9.3,18.6,4,10.59,0.93,0
2025-05-25,SHO-100587,GO 3S,GO 3S,Action Camera,Shopify,US,1,237.23,237.23,140,7.0,11.86,0
2025-05-25,SHO-100588,Lens Cap,Lens Cap,Accessory,Shopify,US,1,8.73,8.73,2,5.14,0.44,0
2025-05-25,SHO-100589,Ace Pro,Ace Pro,Action Camera,Shopify,US,1,345.08,345.08,200,8.97,17.25,0
2025-05-25,SHO-100590,Charging Hub,Charging Hub,Accessory,Shopify,US,1,58.75,58.75,20,9.62,2.94,0
2025-05-25,SHO-100591,X3,X3,Action Camera,Shopify,US,1,378.7,378.7,220,4.37,18.93,0
2025-05-25,SHO-100592,Ace Pro,Ace Pro,Action Camera,Shopify,US,1,324.34,324.34,200,6.72,16.22,0
2025-05-25,SHO-100593,Ace Pro,Ace Pro,Action Camera,Shopify,UK,1,373.28,373.28,200,7.16,18.66,0
2025-05-25,SHO-100594,X4,X4,Action Camera,Shopify,US,1,493.34,493.34,320,5.26,24.67,0
2025-05-25,SHO-100595,Selfie Stick,Selfie Stick,Accessory,Shopify,EU,1,28.97,28.97,8,4.49,1.45,0
2025-05-25,SHO-100596,Ace Pro,Ace Pro,Action Camera,Shopify,US,1,307.38,307.38,200,7.11,15.37,0
2025-05-25,SHO-100597,Battery,Battery,Accessory,Shopify,US,1,39.88,39.88,15,8.99,1.99,0
2025-05-25,SHO-100598,Selfie Stick,Selfie Stick,Accessory,Shopify,US,1,25.07,25.07,8,7.18,1.25,0
2025-05-25,SHO-100599,X4,X4,Action Camera,Shopify,US,1,521.63,521.63,320,9.13,26.08,0
2025-05-26,SHO-100600,Helmet Mount,Helmet Mount,Mount,Shopify,US,2,20.58,41.16,14,12.58,2.06,0
2025-05-26,SHO-100601,X4,X4,Action Camera,Shopify,US,1,523.7,523.7,320,4.72,26.18,0
2025-05-26,SHO-100602,Battery,Battery,Accessory,Shopify,US,1,38.35,38.35,15,4.95,1.92,0
2025-05-26,SHO-100603,X3,X3,Action Camera,Shopify,US,1,378.95,378.95,220,9.51,18.95,0
2025-05-26,SHO-100604,GO 3S,GO 3S,Action Camera,Shopify,US,1,221.19,221.19,140,7.26,11.06,0
2025-05-26,SHO-100605,X3,X3,Action Camera,Shopify,US,1,355.8,355.8,220,8.2,17.79,0
2025-05-26,SHO-100606,Ace Pro,Ace Pro,Action Camera,Shopify,US,2,312.49,624.98,400,13.81,31.25,0
2025-05-26,SHO-100607,Bike Mount,Bike Mount,Mount,Shopify,UK,1,22.32,22.32,6,8.08,1.12,0
2025-05-26,SHO-100610,Selfie Stick,Selfie Stick,Accessory,Shopify,UK,1,28.52,28.52,8,8.59,1.43,0
2025-05-26,SHO-100611,X3,X3,Action Camera,Shopify,EU,1,432.38,432.38,220,8.36,21.62,0
2025-05-26,SHO-100612,X4,X4,Action Camera,Shopify,US,1,520.97,520.97,320,7.3,26.05,0
2025-05-26,SHO-100613,X3,X3,Action Camera,Shopify,US,1,369.63,369.63,220,6.68,18.48,0
2025-05-26,SHO-100614,X4,X4,Action Camera,Shopify,UK,2,596.37,1192.74,640,11.55,59.64,0
2025-05-26,SHO-100616,X4,X4,Action Camera,Shopify,UK,1,575.8,575.8,320,9.7,28.79,0
2025-05-26,SHO-100617,Lens Cap,Lens Cap,Accessory,Shopify,US,2,8.19,16.38,4,14.13,0.82,0
2025-05-26,SHO-100618,X4,X4,Action Camera,Shopify,UK,1,586.16,586.16,320,5.56,29.31,0
2025-05-26,SHO-100619,Lens Cap,Lens Cap,Accessory,Shopify,UK,1,9.21,9.21,2,8.97,0.46,0
2025-05-26,SHO-100620,GO 3S,GO 3S,Action Camera,Shopify,UK,1,251.15,251.15,140,4.83,12.56,0
2025-05-26,SHO-100622,X4,X4,Action Camera,Shopify,EU,1,515.75,515.75,320,7.45,25.79,0
2025-05-27,SHO-100624,Bike Mount,Bike Mount,Mount,Shopify,US,1,17.99,17.99,6,4.95,0.9,0
2025-05-27,SHO-100625,Helmet Mount,Helmet Mount,Mount,Shopify,US,2,21.4,42.8,14,6.34,2.14,0
2025-05-27,SHO-100626,Charging Hub,Charging Hub,Accessory,Shopify,UK,1,69.63,69.63,20,4.71,3.48,0
2025-05-27,SHO-100627,Charging Hub,Charging Hub,Accessory,Shopify,UK,1,65.98,65.98,20,8.04,3.3,0
2025-05-27,SHO-100628,X3,X3,Action Camera,Shopify,US,1,380.98,380.98,220,5.67,19.05,0
2025-05-27,SHO-100630,Bike Mount,Bike Mount,Mount,Shopify,US,1,17.29,17.29,6,6.54,0.86,0
2025-05-27,SHO-100633,Selfie Stick,Selfie Stick,Accessory,Shopify,US,1,25.67,25.67,8,5.04,1.28,0
2025-05-27,SHO-100635,X4,X4,Action Camera,Shopify,EU,1,550.88,550.88,320,6.57,27.54,0
2025-05-27,SHO-100636,X4,X4,Action Camera,Shopify,EU,1,522.94,522.94,320,7.37,26.15,0
2025-05-27,SHO-100639,Selfie Stick,Selfie Stick,Accessory,Shopify,US,1,24.56,24.56,8,4.33,1.23,0
2025-05-27,SHO-100640,Ace Pro,Ace Pro,Action Camera,Shopify,UK,2,411.21,822.42,400,14.81,41.12,0
2025-05-27,SHO-100641,Battery,Battery,Accessory,Shopify,EU,2,45.02,90.04,30,6.66,4.5,0
2025-05-27,SHO-100643,GO 3S,GO 3S,Action Camera,Shopify,UK,1,260.45,260.45,140,8.19,13.02,0
2025-05-27,SHO-100644,X4,X4,Action Camera,Shopify,UK,1,535.77,535.77,320,6.12,26.79,0
2025-05-27,SHO-100647,X4,X4,Action Camera,Shopify,US,1,487.56,487.56,320,7.79,24.38,0
2025-05-28,SHO-100648,Charging Hub,Charging Hub,Accessory,Shopify,EU,1,70.23,70.23,20,9.06,3.51,0
2025-05-28,SHO-100649,Battery,Battery,Accessory,Shopify,US,1,34.76,34.76,15,4.04,1.74,0
2025-05-28,SHO-100650,Bike Mount,Bike Mount,Mount,Shopify,US,3,18.65,55.95,18,10.83,2.8,0
2025-05-28,SHO-100651,X4,X4,Action Camera,Shopify,EU,1,507.55,507.55,320,9.68,25.38,0
2025-05-28,SHO-100652,X4,X4,Action Camera,Shopify,UK,1,526.33,526.33,320,8.54,26.32,0
2025-05-28,SHO-100654,X4,X4,Action Camera,Shopify,EU,1,520.48,520.48,320,6.04,26.02,0
2025-05-28,SHO-100655,Battery,Battery,Accessory,Shopify,US,1,40.57,40.57,15,8.05,2.03,0
2025-05-28,SHO-100656,X3,X3,Action Camera,Shopify,US,1,396.48,396.48,220,7.32,19.82,0
2025-05-28,SHO-100657,Bike Mount,Bike Mount,Mount,Shopify,US,1,19.23,19.23,6,4.36,0.96,0
2025-05-28,SHO-100658,Charging Hub,Charging Hub,Accessory,Shopify,UK,1,61.79,61.79,20,6.04,3.09,0
2025-05-28,SHO-100659,Tripod Stand,Tripod Stand,Mount,Shopify,UK,1,41.78,41.78,10,8.43,2.09,0
2025-05-28,SHO-100660,GO 3S,GO 3S,Action Camera,Shopify,US,3,231.34,694.02,420,18.73,34.7,0
2025-05-28,SHO-100661,Bike Mount,Bike Mount,Mount,Shopify,US,3,19.67,59.01,18,12.34,2.95,0
2025-05-28,SHO-100662,Battery,Battery,Accessory,Shopify,EU,1,43.02,43.02,15,9.18,2.15,0
2025-05-28,SHO-100663,GO 3S,GO 3S,Action Camera,Shopify,UK,1,278.41,278.41,140,5.23,13.92,0
2025-05-28,SHO-100664,Ace Pro,Ace Pro,Action Camera,Shopify,US,1,339.44,339.44,200,5.98,16.97,0
2025-05-28,SHO-100665,Battery,Battery,Accessory,Shopify,US,1,38.59,38.59,15,9.45,1.93,0
2025-05-28,SHO-100666,X4,X4,Action Camera,Shopify,UK,3,551.08,1653.24,960,19.62,82.66,0
2025-05-28,SHO-100667,GO 3S,GO 3S,Action Camera,Shopify,US,1,219.66,219.66,140,4.62,10.98,0
2025-05-28,SHO-100669,GO 3S,GO 3S,Action Camera,Shopify,US,1,250.3,250.3,140,5.74,12.52,0
2025-05-28,SHO-100670,X4,X4,Action Camera,Shopify,US,1,486.58,486.58,320,8.5,24.33,0
2025-05-28,SHO-100671,X3,X3,Action Camera,Shopify,US,1,404.02,404.02,220,4.37,20.2,0
2025-05-29,SHO-100672,Tripod Stand,Tripod Stand,Mount,Shopify,US,1,32.91,32.91,10,7.57,1.65,0
2025-05-29,SHO-100673,Invisible Stick,Invisible Stick,Accessory,Shopify,UK,1,49.89,49.89,12,6.13,2.49,0
2025-05-29,SHO-100674,Lens Cap,Lens Cap,Accessory,Shopify,US,1,8.72,8.72,2,9.89,0.44,0
2025-05-29,SHO-100675,X4,X4,Action Camera,Shopify,US,1,517.01,517.01,320,9.97,25.85,0
2025-05-29,SHO-100676,Battery,Battery,Accessory,Shopify,US,1,37.89,37.89,15,8.23,1.89,0
2025-05-29,SHO-100677,Selfie Stick,Selfie Stick,Accessory,Shopify,US,1,25.55,25.55,8,9.41,1.28,0
2025-05-29,SHO-100678,X4,X4,Action Camera,Shopify,EU,1,545.38,545.38,320,7.58,27.27,0
2025-05-29,SHO-100679,GO 3S,GO 3S,Action Camera,Shopify,EU,1,246.71,246.71,140,4.01,12.34,0
2025-05-29,SHO-100680,X4,X4,Action Camera,Shopify,US,1,458.39,458.39,320,5.99,22.92,0
2025-05-29,SHO-100682,Ace Pro,Ace Pro,Action Camera,Shopify,US,1,366.37,366.37,200,9.66,18.32,0
2025-05-29,SHO-100684,X3,X3,Action Camera,Shopify,US,1,372.94,372.94,220,7.13,18.65,0
2025-05-29,SHO-100685,Battery,Battery,Accessory,Shopify,US,1,36.36,36.36,15,6.17,1.82,0
2025-05-29,SHO-100686,Battery,Battery,Accessory,Shopify,EU,1,42.57,42.57,15,6.33,2.13,0
2025-05-29,SHO-100687,GO 3S,GO 3S,Action Camera,Shopify,UK,1,255.68,255.68,140,8.64,12.78,0
2025-05-29,SHO-100688,GO 3S,GO 3S,Action Camera,Shopify,UK,1,266.61,266.61,140,4.26,13.33,0
2025-05-29,SHO-100690,X3,X3,Action Camera,Shopify,UK,2,414.66,829.32,440,12.51,41.47,0
2025-05-29,SHO-100691,X4,X4,Action Camera,Shopify,UK,1,555.29,555.29,320,9.55,27.76,0
2025-05-29,SHO-100692,Invisible Stick,Invisible Stick,Accessory,Shopify,US,1,43.2,43.2,12,5.08,2.16,0
2025-05-29,SHO-100693,Lens Cap,Lens Cap,Accessory,Shopify,US,1,8.64,8.64,2,4.48,0.43,0
2025-05-29,SHO-100694,Battery,Battery,Accessory,Shopify,EU,1,43.53,43.53,15,7.4,2.18,0
2025-05-29,SHO-100695,Selfie Stick,Selfie Stick,Accessory,Shopify,US,1,24.78,24.78,8,8.19,1.24,0
2025-05-30,SHO-100696,X4,X4,Action Camera,Shopify,EU,1,600.96,600.96,320,9.14,30.05,0
2025-05-30,SHO-100697,Battery,Battery,Accessory,Shopify,US,1,34.99,34.99,15,4.51,1.75,0
2025-05-30,SHO-100698,X4,X4,Action Camera,Shopify,UK,1,572.84,572.84,320,7.91,28.64,0
2025-05-30,SHO-100699,X3,X3,Action Camera,Shopify,US,1,390.89,390.89,220,5.51,19.54,0
2025-05-30,SHO-100700,X4,X4,Action Camera,Shopify,UK,1,576.33,576.33,320,9.55,28.82,0
2025-05-30,SHO-100701,GO 3S,GO 3S,Action Camera,Shopify,US,1,229.04,229.04,140,4.44,11.45,0
2025-05-30,SHO-100702,X3,X3,Action Camera,Shopify,US,2,383.89,767.78,440,8.51,38.39,0
2025-05-30,SHO-100703,Bike Mount,Bike Mount,Mount,Shopify,US,1,19.2,19.2,6,5.25,0.96,0
2025-05-30,SHO-100704,X4,X4,Action Camera,Shopify,UK,1,515.54,515.54,320,8.89,25.78,0
2025-05-30,SHO-100705,X3,X3,Action Camera,Shopify,UK,1,476.47,476.47,220,7.29,23.82,0
2025-05-30,SHO-100706,Selfie Stick,Selfie Stick,Accessory,Shopify,US,2,24.59,49.18,16,14.15,2.46,0
2025-05-30,SHO-100707,X4,X4,Action Camera,Shopify,EU,1,573.2,573.2,320,9.9,28.66,0
2025-05-30,SHO-100709,X3,X3,Action Camera,Shopify,UK,1,479.16,479.16,220,6.72,23.96,0
2025-05-30,SHO-100710,Helmet Mount,Helmet Mount,Mount,Shopify,UK,1,24.88,24.88,7,9.81,1.24,0
2025-05-30,SHO-100711,Selfie Stick,Selfie Stick,Accessory,Shopify,EU,1,26.5,26.5,8,9.71,1.33,0
2025-05-30,SHO-100713,GO 3S,GO 3S,Action Camera,Shopify,US,1,222.18,222.18,140,9.51,11.11,0
2025-05-30,SHO-100714,GO 3S,GO 3S,Action Camera,Shopify,US,1,237.26,237.26,140,6.28,11.86,0
2025-05-30,SHO-100715,X3,X3,Action Camera,Shopify,US,1,397.68,397.68,220,8.44,19.88,0
2025-05-30,SHO-100716,GO 3S,GO 3S,Action Camera,Shopify,UK,1,264.16,264.16,140,8.75,13.21,0
2025-05-30,SHO-100717,GO 3S,GO 3S,Action Camera,Shopify,UK,2,268.33,536.66,280,13.18,26.83,0
2025-05-30,SHO-100718,Lens Cap,Lens Cap,Accessory,Shopify,US,1,8.49,8.49,2,7.38,0.42,0
2025-05-30,SHO-100719,GO 3S,GO 3S,Action Camera,Shopify,EU,1,276.66,276.66,140,6.5,13.83,0
2025-05-31,SHO-100720,Charging Hub,Charging Hub,Accessory,Shopify,US,1,57.14,57.14,20,7.16,2.86,0
2025-05-31,SHO-100721,Tripod Stand,Tripod Stand,Mount,Shopify,US,1,34.85,34.85,10,9.9,1.74,0
2025-05-31,SHO-100722,Lens Cap,Lens Cap,Accessory,Shopify,US,1,8.51,8.51,2,7.5,0.43,0
2025-05-31,SHO-100723,Selfie Stick,Selfie Stick,Accessory,Shopify,UK,1,28.86,28.86,8,4.85,1.44,0
2025-05-31,SHO-100724,X4,X4,Action Camera,Shopify,EU,1,583.18,583.18,320,5.39,29.16,0
2025-05-31,SHO-100725,Helmet Mount,Helmet Mount,Mount,Shopify,US,1,20.42,20.42,7,9.51,1.02,0
2025-05-31,SHO-100726,Ace Pro,Ace Pro,Action Camera,Shopify,US,1,320.37,320.37,200,8.11,16.02,0
2025-05-31,SHO-100727,X3,X3,Action Camera,Shopify,UK,2,475.6,951.2,440,7.44,47.56,0
2025-05-31,SHO-100728,Bike Mount,Bike Mount,Mount,Shopify,US,1,19.53,19.53,6,5.95,0.98,0
2025-05-31,SHO-100729,GO 3S,GO 3S,Action Camera,Shopify,UK,1,283.56,283.56,140,7.69,14.18,0
2025-05-31,SHO-100730,X3,X3,Action Camera,Shopify,US,1,381.43,381.43,220,9.45,19.07,0
2025-05-31,SHO-100731,Ace Pro,Ace Pro,Action Camera,Shopify,US,1,332.33,332.33,200,5.61,16.62,0
2025-05-31,SHO-100732,Selfie Stick,Selfie Stick,Accessory,Shopify,US,1,25.06,25.06,8,5.87,1.25,0
2025-05-31,SHO-100734,X4,X4,Action Camera,Shopify,UK,1,541.6,541.6,320,4.37,27.08,0
2025-05-31,SHO-100735,Selfie Stick,Selfie Stick,Accessory,Shopify,US,1,25.95,25.95,8,6.64,1.3,0
2025-05-31,SHO-100736,Helmet Mount,Helmet Mount,Mount,Shopify,EU,2,23.63,47.26,14,14.65,2.36,0
2025-05-31,SHO-100737,Charging Hub,Charging Hub,Accessory,Shopify,US,2,59.72,119.44,40,12.9,5.97,0
2025-05-31,SHO-100739,Tripod Stand,Tripod Stand,Mount,Shopify,US,1,35.8,35.8,10,4.51,1.79,0
2025-05-31,SHO-100740,GO 3S,GO 3S,Action Camera,Shopify,US,1,218.86,218.86,140,5.03,10.94,0
2025-05-31,SHO-100741,Helmet Mount,Helmet Mount,Mount,Shopify,US,1,19.96,19.96,7,8.97,1.0,0
2025-05-31,SHO-100742,X3,X3,Action Camera,Shopify,US,1,403.71,403.71,220,6.72,20.19,0
2025-05-31,SHO-100743,Lens Cap,Lens Cap,Accessory,Shopify,EU,1,10.86,10.86,2,6.34,0.54,0
2025-06-01,SHO-100744,Ace Pro,Ace Pro,Action Camera,Shopify,US,1,330.6,330.6,200,4.75,16.53,0
2025-06-01,SHO-100745,Ace Pro,Ace Pro,Action Camera,Shopify,US,2,320.62,641.24,400,9.67,32.06,0
2025-06-01,SHO-100746,Ace Pro,Ace Pro,Action Camera,Shopify,US,1,320.45,320.45,200,4.31,16.02,0
2025-06-01,SHO-100747,Selfie Stick,Selfie Stick,Accessory,Shopify,US,1,25.68,25.68,8,5.01,1.28,0
2025-06-01,SHO-100748,GO 3S,GO 3S,Action Camera,Shopify,US,1,245.95,245.95,140,6.21,12.3,0
2025-06-01,SHO-100749,GO 3S,GO 3S,Action Camera,Shopify,EU,1,253.44,253.44,140,5.1,12.67,0
2025-06-01,SHO-100750,X3,X3,Action Camera,Shopify,US,1,358.98,358.98,220,6.31,17.95,0
2025-06-01,SHO-100751,X3,X3,Action Camera,Shopify,US,1,359.66,359.66,220,9.01,17.98,0
2025-06-01,SHO-100752,X4,X4,Action Camera,Shopify,US,1,488.16,488.16,320,7.13,24.41,0
2025-06-01,SHO-100753,X3,X3,Action Camera,Shopify,US,1,410.8,410.8,220,9.65,20.54,0
2025-06-01,SHO-100755,Battery,Battery,Accessory,Shopify,EU,1,45.13,45.13,15,4.32,2.26,0
2025-06-01,SHO-100756,X3,X3,Action Camera,Shopify,UK,2,432.25,864.5,440,10.72,43.22,0
2025-06-01,SHO-100758,X3,X3,Action Camera,Shopify,US,2,361.16,722.32,440,11.71,36.12,0
2025-06-01,SHO-100759,Helmet Mount,Helmet Mount,Mount,Shopify,UK,1,25.78,25.78,7,5.65,1.29,0
2025-06-01,SHO-100760,Lens Cap,Lens Cap,Accessory,Shopify,UK,1,10.13,10.13,2,8.92,0.51,0
2025-06-01,SHO-100761,X4,X4,Action Camera,Shopify,EU,1,564.94,564.94,320,8.15,28.25,0
2025-06-01,SHO-100764,GO 3S,GO 3S,Action Camera,Shopify,US,1,244.82,244.82,140,7.51,12.24,0
2025-06-01,SHO-100765,X4,X4,Action Camera,Shopify,UK,1,568.48,568.48,320,8.87,28.42,0
2025-06-01,SHO-100766,X4,X4,Action Camera,Shopify,EU,1,565.01,565.01,320,9.59,28.25,0
2025-06-01,SHO-100767,Ace Pro,Ace Pro,Action Camera,Shopify,US,3,347.51,1042.53,600,12.88,52.13,0
2025-06-02,SHO-100768,GO 3S,GO 3S,Action Camera,Shopify,EU,1,280.35,280.35,140,9.03,14.02,0
2025-06-02,SHO-100769,Battery,Battery,Accessory,Shopify,UK,1,40.34,40.34,15,9.04,2.02,0
2025-06-02,SHO-100770,X4,X4,Action Camera,Shopify,US,1,502.83,502.83,320,8.26,25.14,0
2025-06-02,SHO-100771,Charging Hub,Charging Hub,Accessory,Shopify,US,1,56.82,56.82,20,8.38,2.84,0
2025-06-02,SHO-100772,X3,X3,Action Camera,Shopify,UK,1,479.82,479.82,220,7.88,23.99,0
2025-06-02,SHO-100773,Selfie Stick,Selfie Stick,Accessory,Shopify,US,1,26.19,26.19,8,5.4,1.31,0
2025-06-02,SHO-100774,GO 3S,GO 3S,Action Camera,Shopify,UK,1,263.85,263.85,140,9.87,13.19,0
2025-06-02,SHO-100775,Selfie Stick,Selfie Stick,Accessory,Shopify,US,1,24.61,24.61,8,7.0,1.23,0
2025-06-02,SHO-100777,Charging Hub,Charging Hub,Accessory,Shopify,US,1,59.65,59.65,20,9.87,2.98,0
2025-06-02,SHO-100778,Bike Mount,Bike Mount,Mount,Shopify,US,2,19.56,39.12,12,9.38,1.96,0
2025-06-02,SHO-100779,GO 3S,GO 3S,Action Camera,Shopify,UK,1,242.94,242.94,140,4.84,12.15,0
2025-06-02,SHO-100780,X3,X3,Action Camera,Shopify,UK,1,475.35,475.35,220,9.36,23.77,0
2025-06-02,SHO-100781,Battery,Battery,Accessory,Shopify,US,1,35.19,35.19,15,9.92,1.76,0
2025-06-02,SHO-100782,Ace Pro,Ace Pro,Action Camera,Shopify,UK,2,404.74,809.48,400,12.06,40.47,0
2025-06-02,SHO-100783,Selfie Stick,Selfie Stick,Accessory,Shopify,US,2,24.31,48.62,16,6.35,2.43,0
2025-06-02,SHO-100784,GO 3S,GO 3S,Action Camera,Shopify,EU,2,279.98,559.96,280,6.54,28.0,0
2025-06-02,SHO-100785,Bike Mount,Bike Mount,Mount,Shopify,EU,1,20.86,20.86,6,5.04,1.04,0
2025-06-02,SHO-100786,X4,X4,Action Camera,Shopify,US,1,459.72,459.72,320,9.62,22.99,0
2025-06-02,SHO-100789,GO 3S,GO 3S,Action Camera,Shopify,US,1,227.05,227.05,140,9.33,11.35,0
2025-06-02,SHO-100791,Selfie Stick,Selfie Stick,Accessory,Shopify,US,1,24.29,24.29,8,5.4,1.21,0
2025-06-03,SHO-100792,X3,X3,Action Camera,Shopify,UK,1,409.87,409.87,220,7.15,20.49,0
2025-06-03,SHO-100793,X4,X4,Action Camera,Shopify,EU,1,597.73,597.73,320,4.88,29.89,0
2025-06-03,SHO-100794,Selfie Stick,Selfie Stick,Accessory,Shopify,US,1,22.1,22.1,8,9.63,1.11,0
2025-06-03,SHO-100795,X4,X4,Action Camera,Shopify,US,1,490.82,490.82,320,7.67,24.54,0
2025-06-03,SHO-100796,X3,X3,Action Camera,Shopify,US,1,352.44,352.44,220,5.68,17.62,0
2025-06-03,SHO-100798,Battery,Battery,Accessory,Shopify,EU,1,46.17,46.17,15,7.61,2.31,0
2025-06-03,SHO-100799,X3,X3,Action Camera,Shopify,UK,2,422.14,844.28,440,7.56,42.21,0
2025-06-03,SHO-100800,Invisible Stick,Invisible Stick,Accessory,Shopify,UK,1,49.23,49.23,12,6.3,2.46,0
2025-06-03,SHO-100801,Battery,Battery,Accessory,Shopify,US,1,40.54,40.54,15,7.91,2.03,0
2025-06-03,SHO-100802,Ace Pro,Ace Pro,Action Camera,Shopify,UK,1,376.2,376.2,200,9.77,18.81,0
2025-06-03,SHO-100804,Tripod Stand,Tripod Stand,Mount,Shopify,US,1,34.15,34.15,10,8.56,1.71,0
2025-06-03,SHO-100805,Selfie Stick,Selfie Stick,Accessory,Shopify,UK,1,26.42,26.42,8,6.57,1.32,0
2025-06-03,SHO-100806,X4,X4,Action Camera,Shopify,UK,1,582.6,582.6,320,4.21,29.13,0
2025-06-03,SHO-100807,Selfie Stick,Selfie Stick,Accessory,Shopify,EU,1,29.19,29.19,8,9.42,1.46,0
2025-06-03,SHO-100808,X3,X3,Action Camera,Shopify,EU,1,436.9,436.9,220,8.25,21.84,0
2025-06-03,SHO-100809,Invisible Stick,Invisible Stick,Accessory,Shopify,EU,1,49.25,49.25,12,4.65,2.46,0
2025-06-03,SHO-100810,Bike Mount,Bike Mount,Mount,Shopify,US,1,18.87,18.87,6,8.68,0.94,0
2025-06-03,SHO-100811,X3,X3,Action Camera,Shopify,US,1,417.79,417.79,220,9.0,20.89,0
2025-06-03,SHO-100812,Bike Mount,Bike Mount,Mount,Shopify,US,1,17.44,17.44,6,8.62,0.87,0
2025-06-03,SHO-100813,X4,X4,Action Camera,Shopify,US,1,502.68,502.68,320,4.43,25.13,0
2025-06-03,SHO-100814,Lens Cap,Lens Cap,Accessory,Shopify,UK,1,9.42,9.42,2,7.51,0.47,0
2025-06-03,SHO-100815,Selfie Stick,Selfie Stick,Accessory,Shopify,UK,1,26.93,26.93,8,8.19,1.35,0
2025-06-04,SHO-100816,X4,X4,Action Camera,Shopify,EU,1,549.47,549.47,320,9.1,27.47,0
2025-06-04,SHO-100817,Bike Mount,Bike Mount,Mount,Shopify,EU,1,21.67,21.67,6,6.33,1.08,0
2025-06-04,SHO-100818,GO 3S,GO 3S,Action Camera,Shopify,UK,1,279.9,279.9,140,8.46,14.0,0
2025-06-04,SHO-100820,GO 3S,GO 3S,Action Camera,Shopify,US,1,232.57,232.57,140,9.3,11.63,0
2025-06-04,SHO-100821,Ace Pro,Ace Pro,Action Camera,Shopify,UK,1,355.04,355.04,200,4.49,17.75,0
2025-06-04,SHO-100822,X3,X3,Action Camera,Shopify,EU,1,455.46,455.46,220,5.66,22.77,0
2025-06-04,SHO-100823,X3,X3,Action Camera,Shopify,UK,1,444.17,444.17,220,7.54,22.21,0
2025-06-04,SHO-100824,X4,X4,Action Camera,Shopify,UK,1,570.26,570.26,320,5.96,28.51,0
2025-06-04,SHO-100825,X3,X3,Action Camera,Shopify,EU,1,481.49,481.49,220,6.93,24.07,0
2025-06-04,SHO-100826,Ace Pro,Ace Pro,Action Camera,Shopify,US,2,355.68,711.36,400,12.52,35.57,0
2025-06-04,SHO-100827,Ace Pro,Ace Pro,Action Camera,Shopify,EU,1,406.39,406.39,200,7.48,20.32,0
2025-06-04,SHO-100828,Charging Hub,Charging Hub,Accessory,Shopify,EU,1,62.07,62.07,20,7.01,3.1,0
2025-06-04,SHO-100829,Battery,Battery,Accessory,Shopify,US,1,35.88,35.88,15,9.24,1.79,0
2025-06-04,SHO-100830,Selfie Stick,Selfie Stick,Accessory,Shopify,US,1,26.0,26.0,8,5.43,1.3,0
2025-06-04,SHO-100833,Selfie Stick,Selfie Stick,Accessory,Shopify,US,1,22.26,22.26,8,9.13,1.11,0
2025-06-04,SHO-100834,Invisible Stick,Invisible Stick,Accessory,Shopify,EU,1,49.05,49.05,12,8.47,2.45,0
2025-06-04,SHO-100836,X4,X4,Action Camera,Shopify,US,1,457.03,457.03,320,4.15,22.85,0
2025-06-04,SHO-100837,X4,X4,Action Camera,Shopify,EU,1,569.75,569.75,320,6.6,28.49,0
2025-06-04,SHO-100839,Ace Pro,Ace Pro,Action Camera,Shopify,UK,1,358.6,358.6,200,5.24,17.93,0
2025-06-05,SHO-100840,X4,X4,Action Camera,Shopify,US,3,482.77,1448.31,960,16.88,72.42,0
2025-06-05,SHO-100841,Charging Hub,Charging Hub,Accessory,Shopify,US,1,60.76,60.76,20,5.02,3.04,0
2025-06-05,SHO-100842,Invisible Stick,Invisible Stick,Accessory,Shopify,UK,1,50.5,50.5,12,6.42,2.53,0
2025-06-05,SHO-100843,X3,X3,Action Camera,Shopify,US,1,403.93,403.93,220,9.23,20.2,0
2025-06-05,SHO-100844,Charging Hub,Charging Hub,Accessory,Shopify,US,1,60.96,60.96,20,6.72,3.05,0
2025-06-05,SHO-100845,X4,X4,Action Camera,Shopify,US,1,523.71,523.71,320,8.71,26.19,0
2025-06-05,SHO-100846,Battery,Battery,Accessory,Shopify,EU,1,46.56,46.56,15,6.37,2.33,0
2025-06-05,SHO-100847,X4,X4,Action Camera,Shopify,UK,1,602.24,602.24,320,8.6,30.11,0
2025-06-05,SHO-100848,Ace Pro,Ace Pro,Action Camera,Shopify,US,1,321.86,321.86,200,5.32,16.09,0
2025-06-05,SHO-100849,Helmet Mount,Helmet Mount,Mount,Shopify,EU,1,22.61,22.61,7,5.46,1.13,0
2025-06-05,SHO-100850,X4,X4,Action Camera,Shopify,US,1,488.17,488.17,320,7.25,24.41,0
2025-06-05,SHO-100851,Lens Cap,Lens Cap,Accessory,Shopify,UK,1,9.26,9.26,2,5.77,0.46,0
2025-06-05,SHO-100853,X4,X4,Action Camera,Shopify,US,1,501.79,501.79,320,4.16,25.09,0
2025-06-05,SHO-100854,X4,X4,Action Camera,Shopify,US,2,496.09,992.18,640,6.88,49.61,0
2025-06-05,SHO-100855,Selfie Stick,Selfie Stick,Accessory,Shopify,US,1,25.77,25.77,8,5.46,1.29,0
2025-06-05,SHO-100856,X3,X3,Action Camera,Shopify,UK,2,470.07,940.14,440,13.16,47.01,0
2025-06-05,SHO-100857,Lens Cap,Lens Cap,Accessory,Shopify,UK,3,9.12,27.36,6,15.59,1.37,0
2025-06-05,SHO-100858,Helmet Mount,Helmet Mount,Mount,Shopify,EU,1,26.33,26.33,7,7.21,1.32,0
2025-06-05,SHO-100861,GO 3S,GO 3S,Action Camera,Shopify,US,1,247.61,247.61,140,6.15,12.38,0
2025-06-05,SHO-100862,Helmet Mount,Helmet Mount,Mount,Shopify,US,1,22.21,22.21,7,8.24,1.11,0
2025-06-05,SHO-100863,X4,X4,Action Camera,Shopify,US,1,464.12,464.12,320,5.56,23.21,0
2025-06-06,SHO-100864,Tripod Stand,Tripod Stand,Mount,Shopify,UK,2,40.79,81.58,20,12.54,4.08,0
2025-06-06,SHO-100865,X3,X3,Action Camera,Shopify,UK,2,439.04,878.08,440,6.07,43.9,0
2025-06-06,SHO-100866,X3,X3,Action Camera,Shopify,US,1,386.22,386.22,220,8.1,19.31,0
2025-06-06,SHO-100867,Ace Pro,Ace Pro,Action Camera,Shopify,US,1,325.23,325.23,200,8.77,16.26,0
2025-06-06,SHO-100868,X4,X4,Action Camera,Shopify,US,1,478.56,478.56,320,7.91,23.93,0
2025-06-06,SHO-100869,X4,X4,Action Camera,Shopify,US,2,452.65,905.3,640,12.19,45.26,0
2025-06-06,SHO-100870,Battery,Battery,Accessory,Shopify,US,2,38.44,76.88,30,13.61,3.84,0
2025-06-06,SHO-100871,Battery,Battery,Accessory,Shopify,UK,1,42.4,42.4,15,7.94,2.12,0
2025-06-06,SHO-100873,X4,X4,Action Camera,Shopify,US,1,447.46,447.46,320,9.82,22.37,0
2025-06-06,SHO-100874,Selfie Stick,Selfie Stick,Accessory,Shopify,UK,2,26.57,53.14,16,13.63,2.66,0
2025-06-06,SHO-100875,GO 3S,GO 3S,Action Camera,Shopify,US,1,211.54,211.54,140,5.73,10.58,0
2025-06-06,SHO-100876,X3,X3,Action Camera,Shopify,UK,1,422.07,422.07,220,4.87,21.1,0
2025-06-06,SHO-100877,GO 3S,GO 3S,Action Camera,Shopify,US,1,222.63,222.63,140,4.64,11.13,0
2025-06-06,SHO-100878,Battery,Battery,Accessory,Shopify,US,1,35.17,35.17,15,6.6,1.76,0
2025-06-06,SHO-100879,Lens Cap,Lens Cap,Accessory,Shopify,UK,1,10.25,10.25,2,4.56,0.51,0
2025-06-06,SHO-100880,Battery,Battery,Accessory,Shopify,EU,1,44.7,44.7,15,7.08,2.24,0
2025-06-06,SHO-100881,Invisible Stick,Invisible Stick,Accessory,Shopify,UK,1,46.23,46.23,12,8.35,2.31,0
2025-06-06,SHO-100882,Battery,Battery,Accessory,Shopify,US,1,36.28,36.28,15,8.55,1.81,0
2025-06-06,SHO-100883,Lens Cap,Lens Cap,Accessory,Shopify,US,1,8.89,8.89,2,4.67,0.44,0
2025-06-06,SHO-100884,Helmet Mount,Helmet Mount,Mount,Shopify,EU,1,25.74,25.74,7,6.11,1.29,0
2025-06-06,SHO-100885,Battery,Battery,Accessory,Shopify,US,1,36.56,36.56,15,8.7,1.83,0
2025-06-06,SHO-100886,Lens Cap,Lens Cap,Accessory,Shopify,UK,3,10.76,32.28,6,13.11,1.61,0
2025-06-06,SHO-100887,Charging Hub,Charging Hub,Accessory,Shopify,EU,1,63.19,63.19,20,5.91,3.16,0
2025-06-07,SHO-100888,X4,X4,Action Camera,Shopify,US,1,481.31,481.31,320,7.98,24.07,0
2025-06-07,SHO-100890,Helmet Mount,Helmet Mount,Mount,Shopify,UK,2,22.83,45.66,14,13.16,2.28,0
2025-06-07,SHO-100892,X3,X3,Action Camera,Shopify,US,1,394.35,394.35,220,6.19,19.72,0
2025-06-07,SHO-100893,Selfie Stick,Selfie Stick,Accessory,Shopify,US,1,25.6,25.6,8,6.31,1.28,0
2025-06-07,SHO-100894,Selfie Stick,Selfie Stick,Accessory,Shopify,US,1,24.02,24.02,8,5.28,1.2,0
2025-06-07,SHO-100895,X4,X4,Action Camera,Shopify,US,1,520.71,520.71,320,7.53,26.04,0
2025-06-07,SHO-100896,X4,X4,Action Camera,Shopify,US,1,492.02,492.02,320,5.14,24.6,0
2025-06-07,SHO-100897,Ace Pro,Ace Pro,Action Camera,Shopify,UK,1,393.9,393.9,200,8.29,19.7,0
2025-06-07,SHO-100898,Charging Hub,Charging Hub,Accessory,Shopify,US,1,59.58,59.58,20,8.37,2.98,0
2025-06-07,SHO-100899,Helmet Mount,Helmet Mount,Mount,Shopify,US,1,22.34,22.34,7,5.5,1.12,0
2025-06-07,SHO-100901,Charging Hub,Charging Hub,Accessory,Shopify,US,1,51.96,51.96,20,4.65,2.6,0
2025-06-07,SHO-100902,X4,X4,Action Camera,Shopify,UK,2,578.7,1157.4,640,8.17,57.87,0
2025-06-07,SHO-100903,X4,X4,Action Camera,Shopify,US,1,501.47,501.47,320,4.56,25.07,0
2025-06-07,SHO-100904,Helmet Mount,Helmet Mount,Mount,Shopify,US,2,23.07,46.14,14,10.72,2.31,0
2025-06-07,SHO-100905,Battery,Battery,Accessory,Shopify,US,1,39.52,39.52,15,6.59,1.98,0
2025-06-07,SHO-100906,Selfie Stick,Selfie Stick,Accessory,Shopify,UK,1,26.65,26.65,8,5.32,1.33,0
2025-06-07,SHO-100907,Battery,Battery,Accessory,Shopify,UK,1,39.52,39.52,15,4.84,1.98,0
2025-06-07,SHO-100908,X3,X3,Action Camera,Shopify,US,1,356.22,356.22,220,8.49,17.81,0
2025-06-07,SHO-100909,Ace Pro,Ace Pro,Action Camera,Shopify,US,2,364.41,728.82,400,7.81,36.44,0
2025-06-07,SHO-100910,Charging Hub,Charging Hub,Accessory,Shopify,US,1,56.72,56.72,20,7.06,2.84,0
2025-06-07,SHO-100911,Helmet Mount,Helmet Mount,Mount,Shopify,UK,1,24.78,24.78,7,8.12,1.24,0
2025-06-08,SHO-100913,Helmet Mount,Helmet Mount,Mount,Shopify,US,1,19.82,19.82,7,7.1,0.99,0
2025-06-08,SHO-100914,X3,X3,Action Camera,Shopify,UK,1,415.11,415.11,220,7.27,20.76,0
2025-06-08,SHO-100916,X4,X4,Action Camera,Shopify,UK,1,543.99,543.99,320,8.58,27.2,0
2025-06-08,SHO-100917,Battery,Battery,Accessory,Shopify,US,1,39.36,39.36,15,7.63,1.97,0
2025-06-08,SHO-100918,Battery,Battery,Accessory,Shopify,EU,1,43.87,43.87,15,4.51,2.19,0
2025-06-08,SHO-100919,GO 3S,GO 3S,Action Camera,Shopify,UK,1,276.03,276.03,140,4.1,13.8,0
2025-06-08,SHO-100920,Helmet Mount,Helmet Mount,Mount,Shopify,US,1,20.98,20.98,7,8.22,1.05,0
2025-06-08,SHO-100921,GO 3S,GO 3S,Action Camera,Shopify,UK,1,277.0,277.0,140,4.91,13.85,0
2025-06-08,SHO-100922,Selfie Stick,Selfie Stick,Accessory,Shopify,UK,1,28.83,28.83,8,6.14,1.44,0
2025-06-08,SHO-100924,Bike Mount,Bike Mount,Mount,Shopify,UK,2,19.51,39.02,12,10.82,1.95,0
2025-06-08,SHO-100925,Lens Cap,Lens Cap,Accessory,Shopify,UK,1,9.74,9.74,2,5.07,0.49,0
2025-06-08,SHO-100926,X4,X4,Action Camera,Shopify,US,1,466.39,466.39,320,7.76,23.32,0
2025-06-08,SHO-100927,Charging Hub,Charging Hub,Accessory,Shopify,US,1,53.86,53.86,20,9.82,2.69,0
2025-06-08,SHO-100928,X4,X4,Action Camera,Shopify,UK,1,592.71,592.71,320,5.55,29.64,0
2025-06-08,SHO-100929,Ace Pro,Ace Pro,Action Camera,Shopify,EU,2,392.38,784.76,400,7.98,39.24,0
2025-06-08,SHO-100930,Invisible Stick,Invisible Stick,Accessory,Shopify,UK,1,49.5,49.5,12,7.18,2.48,0
2025-06-08,SHO-100931,Lens Cap,Lens Cap,Accessory,Shopify,UK,1,9.95,9.95,2,6.03,0.5,0
2025-06-08,SHO-100932,Helmet Mount,Helmet Mount,Mount,Shopify,US,1,22.04,22.04,7,8.74,1.1,0
2025-06-08,SHO-100933,Selfie Stick,Selfie Stick,Accessory,Shopify,EU,1,28.36,28.36,8,8.62,1.42,0
2025-06-08,SHO-100934,Battery,Battery,Accessory,Shopify,UK,1,41.85,41.85,15,8.08,2.09,0
2025-06-08,SHO-100935,Battery,Battery,Accessory,Shopify,US,1,37.08,37.08,15,4.96,1.85,0
2025-06-09,SHO-100936,X4,X4,Action Camera,Shopify,UK,1,507.02,507.02,320,4.39,25.35,0
2025-06-09,SHO-100937,Battery,Battery,Accessory,Shopify,US,1,35.86,35.86,15,6.38,1.79,0
2025-06-09,SHO-100938,X3,X3,Action Camera,Shopify,UK,1,410.12,410.12,220,7.82,20.51,0
2025-06-09,SHO-100939,Helmet Mount,Helmet Mount,Mount,Shopify,US,1,22.09,22.09,7,5.32,1.1,0
2025-06-09,SHO-100940,Ace Pro,Ace Pro,Action Camera,Shopify,UK,1,370.78,370.78,200,7.51,18.54,0
2025-06-09,SHO-100941,Ace Pro,Ace Pro,Action Camera,Shopify,US,1,336.02,336.02,200,4.02,16.8,0
2025-06-09,SHO-100942,GO 3S,GO 3S,Action Camera,Shopify,US,1,219.27,219.27,140,5.33,10.96,0
2025-06-09,SHO-100943,GO 3S,GO 3S,Action Camera,Shopify,US,1,213.53,213.53,140,7.52,10.68,0
2025-06-09,SHO-100944,Ace Pro,Ace Pro,Action Camera,Shopify,US,1,326.13,326.13,200,6.74,16.31,0
2025-06-09,SHO-100945,GO 3S,GO 3S,Action Camera,Shopify,UK,1,261.05,261.05,140,7.01,13.05,0
2025-06-09,SHO-100946,Selfie Stick,Selfie Stick,Accessory,Shopify,EU,1,27.66,27.66,8,9.44,1.38,0
2025-06-09,SHO-100947,Tripod Stand,Tripod Stand,Mount,Shopify,US,2,33.45,66.9,20,6.65,3.35,0
2025-06-09,SHO-100948,X3,X3,Action Camera,Shopify,US,1,395.83,395.83,220,9.86,19.79,0
2025-06-09,SHO-100950,X4,X4,Action Camera,Shopify,UK,1,528.39,528.39,320,5.17,26.42,0
2025-06-09,SHO-100951,Bike Mount,Bike Mount,Mount,Shopify,US,1,18.54,18.54,6,8.78,0.93,0
2025-06-09,SHO-100954,Battery,Battery,Accessory,Shopify,US,1,35.97,35.97,15,5.98,1.8,0
2025-06-09,SHO-100955,X3,X3,Action Camera,Shopify,EU,1,413.41,413.41,220,6.79,20.67,0
2025-06-09,SHO-100956,GO 3S,GO 3S,Action Camera,Shopify,UK,1,268.54,268.54,140,9.05,13.43,0
2025-06-09,SHO-100957,GO 3S,GO 3S,Action Camera,Shopify,UK,1,253.7,253.7,140,5.66,12.68,0
2025-06-09,SHO-100959,X3,X3,Action Camera,Shopify,EU,1,437.02,437.02,220,9.92,21.85,0
2025-06-10,SHO-100960,GO 3S,GO 3S,Action Camera,Shopify,UK,1,275.37,275.37,140,4.59,13.77,0
2025-06-10,SHO-100962,Helmet Mount,Helmet Mount,Mount,Shopify,UK,1,24.65,24.65,7,5.75,1.23,0
2025-06-10,SHO-100963,GO 3S,GO 3S,Action Camera,Shopify,US,1,215.58,215.58,140,5.13,10.78,0
2025-06-10,SHO-100964,Selfie Stick,Selfie Stick,Accessory,Shopify,UK,1,27.24,27.24,8,8.13,1.36,0
2025-06-10,SHO-100965,Ace Pro,Ace Pro,Action Camera,Shopify,EU,2,381.33,762.66,400,13.37,38.13,0
2025-06-10,SHO-100966,Ace Pro,Ace Pro,Action Camera,Shopify,US,1,360.55,360.55,200,8.67,18.03,0
2025-06-10,SHO-100967,X4,X4,Action Camera,Shopify,US,1,465.92,465.92,320,7.47,23.3,0
2025-06-10,SHO-100968,Ace Pro,Ace Pro,Action Camera,Shopify,US,1,312.78,312.78,200,9.34,15.64,0
2025-06-10,SHO-100971,Invisible Stick,Invisible Stick,Accessory,Shopify,UK,1,47.53,47.53,12,9.82,2.38,0
2025-06-10,SHO-100972,Ace Pro,Ace Pro,Action Camera,Shopify,US,1,308.36,308.36,200,7.66,15.42,0
2025-06-10,SHO-100974,X4,X4,Action Camera,Shopify,UK,1,557.68,557.68,320,4.47,27.88,0
2025-06-10,SHO-100975,Ace Pro,Ace Pro,Action Camera,Shopify,US,1,339.57,339.57,200,9.52,16.98,0
2025-06-10,SHO-100976,Helmet Mount,Helmet Mount,Mount,Shopify,US,1,23.05,23.05,7,6.92,1.15,0
2025-06-10,SHO-100977,Battery,Battery,Accessory,Shopify,US,1,39.87,39.87,15,8.7,1.99,0
2025-06-10,SHO-100978,GO 3S,GO 3S,Action Camera,Shopify,US,1,217.12,217.12,140,6.7,10.86,0
2025-06-10,SHO-100979,Ace Pro,Ace Pro,Action Camera,Shopify,UK,1,368.93,368.93,200,7.97,18.45,0
2025-06-10,SHO-100980,X3,X3,Action Camera,Shopify,UK,1,430.46,430.46,220,9.45,21.52,0
2025-06-10,SHO-100981,Ace Pro,Ace Pro,Action Camera,Shopify,UK,2,418.59,837.18,400,10.39,41.86,0
2025-06-10,SHO-100982,GO 3S,GO 3S,Action Camera,Shopify,US,1,242.44,242.44,140,8.82,12.12,0
2025-06-10,SHO-100983,X4,X4,Action Camera,Shopify,US,1,456.15,456.15,320,9.39,22.81,0
2025-06-11,SHO-100984,Battery,Battery,Accessory,Shopify,US,1,38.79,38.79,15,4.79,1.94,0
2025-06-11,SHO-100985,X4,X4,Action Camera,Shopify,UK,3,585.67,1757.01,960,19.68,87.85,0
2025-06-11,SHO-100986,Bike Mount,Bike Mount,Mount,Shopify,US,1,18.03,18.03,6,8.9,0.9,0
2025-06-11,SHO-100987,X4,X4,Action Camera,Shopify,EU,1,600.28,600.28,320,8.36,30.01,0
2025-06-11,SHO-100988,Lens Cap,Lens Cap,Accessory,Shopify,UK,1,10.46,10.46,2,8.82,0.52,0
2025-06-11,SHO-100989,X4,X4,Action Camera,Shopify,US,1,444.65,444.65,320,8.35,22.23,0
2025-06-11,SHO-100990,Bike Mount,Bike Mount,Mount,Shopify,US,1,18.78,18.78,6,9.25,0.94,0
2025-06-11,SHO-100991,GO 3S,GO 3S,Action Camera,Shopify,EU,1,245.58,245.58,140,6.66,12.28,0
2025-06-11,SHO-100992,X4,X4,Action Camera,Shopify,US,1,517.89,517.89,320,5.71,25.89,0
2025-06-11,SHO-100993,GO 3S,GO 3S,Action Camera,Shopify,US,1,236.39,236.39,140,8.54,11.82,0
2025-06-11,SHO-100994,Helmet Mount,Helmet Mount,Mount,Shopify,US,3,20.17,60.51,21,16.55,3.03,0
2025-06-11,SHO-100995,Charging Hub,Charging Hub,Accessory,Shopify,US,1,61.25,61.25,20,8.38,3.06,0
2025-06-11,SHO-100996,X4,X4,Action Camera,Shopify,US,3,497.92,1493.76,960,14.72,74.69,0
2025-06-11,SHO-100997,X4,X4,Action Camera,Shopify,US,1,457.06,457.06,320,5.03,22.85,0
2025-06-11,SHO-100998,Ace Pro,Ace Pro,Action Camera,Shopify,US,1,360.54,360.54,200,6.83,18.03,0
2025-06-11,SHO-100999,Helmet Mount,Helmet Mount,Mount,Shopify,US,1,21.14,21.14,7,7.52,1.06,0
2025-06-11,SHO-101000,X3,X3,Action Camera,Shopify,UK,1,479.3,479.3,220,5.38,23.97,0
2025-06-11,SHO-101001,X4,X4,Action Camera,Shopify,US,1,523.62,523.62,320,4.02,26.18,0
2025-06-11,SHO-101002,Bike Mount,Bike Mount,Mount,Shopify,UK,1,22.79,22.79,6,9.35,1.14,0
2025-06-11,SHO-101003,Ace Pro,Ace Pro,Action Camera,Shopify,EU,3,383.88,1151.64,600,18.15,57.58,0
2025-06-11,SHO-101004,GO 3S,GO 3S,Action Camera,Shopify,US,1,237.01,237.01,140,7.05,11.85,0
2025-06-11,SHO-101005,GO 3S,GO 3S,Action Camera,Shopify,US,3,245.0,735.0,420,12.64,36.75,0
2025-06-11,SHO-101006,X3,X3,Action Camera,Shopify,UK,2,434.23,868.46,440,12.1,43.42,0
2025-06-11,SHO-101007,X3,X3,Action Camera,Shopify,US,3,381.86,1145.58,660,19.23,57.28,0
2025-06-12,SHO-101008,X3,X3,Action Camera,Shopify,US,1,386.26,386.26,220,4.57,19.31,0
2025-06-12,SHO-101009,Battery,Battery,Accessory,Shopify,US,1,34.9,34.9,15,6.96,1.74,0
2025-06-12,SHO-101010,Bike Mount,Bike Mount,Mount,Shopify,US,1,18.97,18.97,6,6.03,0.95,0
2025-06-12,SHO-101012,Selfie Stick,Selfie Stick,Accessory,Shopify,US,1,22.88,22.88,8,6.08,1.14,0
2025-06-12,SHO-101013,X3,X3,Action Camera,Shopify,US,2,360.96,721.92,440,10.44,36.1,0
2025-06-12,SHO-101014,Selfie Stick,Selfie Stick,Accessory,Shopify,UK,1,25.4,25.4,8,7.87,1.27,0
2025-06-12,SHO-101015,X4,X4,Action Camera,Shopify,US,2,456.52,913.04,640,10.13,45.65,0
2025-06-12,SHO-101016,Charging Hub,Charging Hub,Accessory,Shopify,UK,1,63.92,63.92,20,4.42,3.2,0
2025-06-12,SHO-101017,Lens Cap,Lens Cap,Accessory,Shopify,UK,2,9.91,19.82,4,11.68,0.99,0
2025-06-12,SHO-101018,X4,X4,Action Camera,Shopify,US,1,519.77,519.77,320,6.19,25.99,0
2025-06-12,SHO-101019,Ace Pro,Ace Pro,Action Camera,Shopify,US,1,315.53,315.53,200,6.71,15.78,0
2025-06-12,SHO-101021,Invisible Stick,Invisible Stick,Accessory,Shopify,UK,1,46.59,46.59,12,6.83,2.33,0
2025-06-12,SHO-101022,Bike Mount,Bike Mount,Mount,Shopify,US,1,18.62,18.62,6,7.07,0.93,0
2025-06-12,SHO-101023,X3,X3,Action Camera,Shopify,US,1,386.94,386.94,220,6.4,19.35,0
2025-06-12,SHO-101025,Invisible Stick,Invisible Stick,Accessory,Shopify,UK,2,50.09,100.18,24,8.07,5.01,0
2025-06-12,SHO-101027,Ace Pro,Ace Pro,Action Camera,Shopify,UK,1,420.6,420.6,200,7.05,21.03,0
2025-06-12,SHO-101028,X3,X3,Action Camera,Shopify,US,2,354.0,708.0,440,14.79,35.4,0
2025-06-12,SHO-101029,Selfie Stick,Selfie Stick,Accessory,Shopify,US,1,23.18,23.18,8,4.29,1.16,0
2025-06-12,SHO-101030,X4,X4,Action Camera,Shopify,UK,1,524.44,524.44,320,7.26,26.22,0
2025-06-12,SHO-101031,Lens Cap,Lens Cap,Accessory,Shopify,US,1,9.05,9.05,2,9.34,0.45,0
2025-06-13,SHO-101032,Bike Mount,Bike Mount,Mount,Shopify,US,2,17.63,35.26,12,14.33,1.76,0
2025-06-13,SHO-101033,X4,X4,Action Camera,Shopify,EU,1,526.31,526.31,320,6.66,26.32,0
2025-06-13,SHO-101034,GO 3S,GO 3S,Action Camera,Shopify,US,1,249.66,249.66,140,8.69,12.48,0
2025-06-13,SHO-101035,X3,X3,Action Camera,Shopify,US,1,363.38,363.38,220,5.53,18.17,0
2025-06-13,SHO-101036,X3,X3,Action Camera,Shopify,US,1,356.14,356.14,220,6.17,17.81,0
2025-06-13,SHO-101037,Bike Mount,Bike Mount,Mount,Shopify,US,1,19.25,19.25,6,8.54,0.96,0
2025-06-13,SHO-101038,Tripod Stand,Tripod Stand,Mount,Shopify,UK,1,41.04,41.04,10,7.04,2.05,0
2025-06-13,SHO-101039,X3,X3,Action Camera,Shopify,US,1,363.63,363.63,220,4.37,18.18,0
2025-06-13,SHO-101040,Helmet Mount,Helmet Mount,Mount,Shopify,US,1,20.05,20.05,7,9.4,1.0,0
2025-06-13,SHO-101041,X4,X4,Action Camera,Shopify,US,1,442.81,442.81,320,5.85,22.14,0
2025-06-13,SHO-101043,X3,X3,Action Camera,Shopify,EU,1,422.45,422.45,220,8.11,21.12,0
2025-06-13,SHO-101044,GO 3S,GO 3S,Action Camera,Shopify,EU,1,251.07,251.07,140,5.97,12.55,0
2025-06-13,SHO-101045,X3,X3,Action Camera,Shopify,UK,1,458.47,458.47,220,6.07,22.92,0
2025-06-13,SHO-101046,Ace Pro,Ace Pro,Action Camera,Shopify,UK,1,410.22,410.22,200,8.32,20.51,0
2025-06-13,SHO-101047,Invisible Stick,Invisible Stick,Accessory,Shopify,UK,1,46.93,46.93,12,7.19,2.35,0
2025-06-13,SHO-101048,GO 3S,GO 3S,Action Camera,Shopify,US,1,218.14,218.14,140,8.92,10.91,0
2025-06-13,SHO-101049,GO 3S,GO 3S,Action Camera,Shopify,UK,1,256.26,256.26,140,6.31,12.81,0
2025-06-13,SHO-101050,Selfie Stick,Selfie Stick,Accessory,Shopify,US,1,24.46,24.46,8,4.86,1.22,0
2025-06-13,SHO-101051,X3,X3,Action Camera,Shopify,US,1,385.49,385.49,220,8.52,19.27,0
2025-06-13,SHO-101052,Tripod Stand,Tripod Stand,Mount,Shopify,US,1,34.88,34.88,10,8.82,1.74,0
2025-06-13,SHO-101053,Battery,Battery,Accessory,Shopify,EU,1,39.73,39.73,15,8.95,1.99,0
2025-06-13,SHO-101054,Selfie Stick,Selfie Stick,Accessory,Shopify,UK,3,27.41,82.23,24,8.79,4.11,0
2025-06-13,SHO-101055,X4,X4,Action Camera,Shopify,US,1,465.39,465.39,320,8.1,23.27,0
2025-06-14,SHO-101056,GO 3S,GO 3S,Action Camera,Shopify,EU,1,281.12,281.12,140,8.96,14.06,0
2025-06-14,SHO-101057,X3,X3,Action Camera,Shopify,US,1,407.53,407.53,220,5.97,20.38,0
2025-06-14,SHO-101058,X4,X4,Action Camera,Shopify,US,3,452.59,1357.77,960,19.35,67.89,0
2025-06-14,SHO-101059,Invisible Stick,Invisible Stick,Accessory,Shopify,US,1,39.73,39.73,12,8.34,1.99,0
2025-06-14,SHO-101060,X4,X4,Action Camera,Shopify,UK,1,518.16,518.16,320,6.53,25.91,0
2025-06-14,SHO-101062,GO 3S,GO 3S,Action Camera,Shopify,UK,1,262.56,262.56,140,8.34,13.13,0
2025-06-14,SHO-101063,X3,X3,Action Camera,Shopify,UK,1,452.08,452.08,220,7.7,22.6,0
2025-06-14,SHO-101064,GO 3S,GO 3S,Action Camera,Shopify,EU,1,283.17,283.17,140,6.04,14.16,0
2025-06-14,SHO-101066,GO 3S,GO 3S,Action Camera,Shopify,UK,1,273.11,273.11,140,5.84,13.66,0
2025-06-14,SHO-101067,GO 3S,GO 3S,Action Camera,Shopify,UK,1,268.88,268.88,140,9.92,13.44,0
2025-06-14,SHO-101068,Helmet Mount,Helmet Mount,Mount,Shopify,US,1,20.52,20.52,7,4.81,1.03,0
2025-06-14,SHO-101069,Ace Pro,Ace Pro,Action Camera,Shopify,US,1,364.75,364.75,200,9.26,18.24,0
2025-06-14,SHO-101071,X3,X3,Action Camera,Shopify,US,1,388.65,388.65,220,5.35,19.43,0
2025-06-14,SHO-101072,Battery,Battery,Accessory,Shopify,US,1,40.22,40.22,15,7.11,2.01,0
2025-06-14,SHO-101073,X3,X3,Action Camera,Shopify,US,1,406.55,406.55,220,4.51,20.33,0
2025-06-14,SHO-101074,X4,X4,Action Camera,Shopify,UK,1,535.06,535.06,320,7.43,26.75,0
2025-06-14,SHO-101075,X3,X3,Action Camera,Shopify,US,1,417.18,417.18,220,6.08,20.86,0
2025-06-14,SHO-101078,Ace Pro,Ace Pro,Action Camera,Shopify,UK,1,415.11,415.11,200,9.3,20.76,0
2025-06-14,SHO-101079,GO 3S,GO 3S,Action Camera,Shopify,US,1,230.72,230.72,140,7.65,11.54,0
2025-06-15,SHO-101080,Selfie Stick,Selfie Stick,Accessory,Shopify,US,1,23.02,23.02,8,6.6,1.15,0
2025-06-15,SHO-101081,Bike Mount,Bike Mount,Mount,Shopify,US,1,16.85,16.85,6,8.04,0.84,0
2025-06-15,SHO-101082,Invisible Stick,Invisible Stick,Accessory,Shopify,US,1,44.63,44.63,12,5.64,2.23,0
2025-06-15,SHO-101083,X3,X3,Action Camera,Shopify,EU,1,469.66,469.66,220,4.43,23.48,0
2025-06-15,SHO-101084,Battery,Battery,Accessory,Shopify,UK,1,42.18,42.18,15,5.57,2.11,0
2025-06-15,SHO-101085,X3,X3,Action Camera,Shopify,US,1,378.86,378.86,220,5.16,18.94,0
2025-06-15,SHO-101086,X4,X4,Action Camera,Shopify,EU,1,541.85,541.85,320,5.38,27.09,0
2025-06-15,SHO-101087,Lens Cap,Lens Cap,Accessory,Shopify,US,1,9.33,9.33,2,9.87,0.47,0
2025-06-15,SHO-101088,Selfie Stick,Selfie Stick,Accessory,Shopify,US,1,22.33,22.33,8,6.73,1.12,0
2025-06-15,SHO-101089,X4,X4,Action Camera,Shopify,US,2,457.57,915.14,640,7.63,45.76,0
2025-06-15,SHO-101090,X3,X3,Action Camera,Shopify,US,1,377.74,377.74,220,9.23,18.89,0
2025-06-15,SHO-101091,GO 3S,GO 3S,Action Camera,Shopify,US,2,214.92,429.84,280,7.85,21.49,0
2025-06-15,SHO-101092,Tripod Stand,Tripod Stand,Mount,Shopify,US,1,33.31,33.31,10,4.29,1.67,0
2025-06-15,SHO-101093,X4,X4,Action Camera,Shopify,US,1,520.37,520.37,320,6.55,26.02,0
2025-06-15,SHO-101094,Invisible Stick,Invisible Stick,Accessory,Shopify,US,1,42.55,42.55,12,5.16,2.13,0
2025-06-15,SHO-101095,GO 3S,GO 3S,Action Camera,Shopify,US,1,222.97,222.97,140,7.04,11.15,0
2025-06-15,SHO-101097,Tripod Stand,Tripod Stand,Mount,Shopify,US,1,34.92,34.92,10,4.36,1.75,0
2025-06-15,SHO-101098,Battery,Battery,Accessory,Shopify,UK,1,40.14,40.14,15,8.35,2.01,0
2025-06-15,SHO-101100,Tripod Stand,Tripod Stand,Mount,Shopify,US,2,31.33,62.66,20,10.28,3.13,0
2025-06-15,SHO-101102,X4,X4,Action Camera,Shopify,US,1,502.64,502.64,320,4.97,25.13,0
2025-06-15,SHO-101103,X4,X4,Action Camera,Shopify,US,1,522.21,522.21,320,4.65,26.11,0
2025-06-16,SHO-101105,X3,X3,Action Camera,Shopify,UK,1,439.68,439.68,220,5.58,21.98,0
2025-06-16,SHO-101106,Battery,Battery,Accessory,Shopify,UK,1,46.55,46.55,15,5.57,2.33,0
2025-06-16,SHO-101107,Selfie Stick,Selfie Stick,Accessory,Shopify,UK,1,28.27,28.27,8,6.24,1.41,0
2025-06-16,SHO-101108,Charging Hub,Charging Hub,Accessory,Shopify,US,1,58.3,58.3,20,8.48,2.92,0
2025-06-16,SHO-101109,GO 3S,GO 3S,Action Camera,Shopify,EU,1,252.29,252.29,140,5.26,12.61,0
2025-06-16,SHO-101110,Tripod Stand,Tripod Stand,Mount,Shopify,UK,1,39.79,39.79,10,7.74,1.99,0
2025-06-16,SHO-101111,X4,X4,Action Camera,Shopify,UK,1,506.8,506.8,320,7.23,25.34,0
2025-06-16,SHO-101112,X3,X3,Action Camera,Shopify,EU,1,460.92,460.92,220,4.68,23.05,0
2025-06-16,SHO-101113,Ace Pro,Ace Pro,Action Camera,Shopify,US,1,343.63,343.63,200,7.55,17.18,0
2025-06-16,SHO-101114,GO 3S,GO 3S,Action Camera,Shopify,US,1,226.57,226.57,140,8.27,11.33,0
2025-06-16,SHO-101118,X3,X3,Action Camera,Shopify,US,1,402.76,402.76,220,5.98,20.14,0
2025-06-16,SHO-101119,X4,X4,Action Camera,Shopify,EU,1,602.3,602.3,320,9.86,30.12,0
2025-06-16,SHO-101120,X4,X4,Action Camera,Shopify,US,1,515.05,515.05,320,8.73,25.75,0
2025-06-16,SHO-101121,Selfie Stick,Selfie Stick,Accessory,Shopify,US,1,23.64,23.64,8,6.8,1.18,0
2025-06-16,SHO-101122,Helmet Mount,Helmet Mount,Mount,Shopify,US,2,22.59,45.18,14,10.65,2.26,0
2025-06-16,SHO-101123,Selfie Stick,Selfie Stick,Accessory,Shopify,US,1,23.61,23.61,8,9.95,1.18,0
2025-06-16,SHO-101125,Charging Hub,Charging Hub,Accessory,Shopify,UK,1,67.87,67.87,20,6.57,3.39,0
2025-06-16,SHO-101127,GO 3S,GO 3S,Action Camera,Shopify,UK,1,244.42,244.42,140,9.71,12.22,0
2025-06-17,SHO-101128,X4,X4,Action Camera,Shopify,EU,1,551.07,551.07,320,7.66,27.55,0
2025-06-17,SHO-101130,X4,X4,Action Camera,Shopify,US,1,513.3,513.3,320,8.34,25.66,0
2025-06-17,SHO-101131,Bike Mount,Bike Mount,Mount,Shopify,US,1,17.27,17.27,6,9.14,0.86,0
2025-06-17,SHO-101132,Battery,Battery,Accessory,Shopify,EU,1,46.03,46.03,15,6.92,2.3,0
2025-06-17,SHO-101133,Selfie Stick,Selfie Stick,Accessory,Shopify,UK,1,25.43,25.43,8,5.19,1.27,0
2025-06-17,SHO-101134,X4,X4,Action Camera,Shopify,US,1,520.71,520.71,320,8.58,26.04,0
2025-06-17,SHO-101135,Tripod Stand,Tripod Stand,Mount,Shopify,UK,1,38.62,38.62,10,6.45,1.93,0
2025-06-17,SHO-101136,GO 3S,GO 3S,Action Camera,Shopify,US,1,241.27,241.27,140,6.14,12.06,0
2025-06-17,SHO-101137,Ace Pro,Ace Pro,Action Camera,Shopify,EU,1,414.68,414.68,200,8.91,20.73,0
2025-06-17,SHO-101138,Selfie Stick,Selfie Stick,Accessory,Shopify,US,2,22.45,44.9,16,11.05,2.24,0
2025-06-17,SHO-101139,GO 3S,GO 3S,Action Camera,Shopify,UK,2,263.25,526.5,280,14.87,26.33,0
2025-06-17,SHO-101140,X4,X4,Action Camera,Shopify,US,1,443.4,443.4,320,6.87,22.17,0
2025-06-17,SHO-101142,Battery,Battery,Accessory,Shopify,US,1,35.99,35.99,15,6.2,1.8,0
2025-06-17,SHO-101144,Selfie Stick,Selfie Stick,Accessory,Shopify,US,1,23.76,23.76,8,5.99,1.19,0
2025-06-17,SHO-101145,X3,X3,Action Camera,Shopify,US,1,362.12,362.12,220,7.7,18.11,0
2025-06-17,SHO-101146,X3,X3,Action Camera,Shopify,UK,1,441.02,441.02,220,8.0,22.05,0
2025-06-17,SHO-101147,Invisible Stick,Invisible Stick,Accessory,Shopify,UK,2,45.55,91.1,24,10.76,4.56,0
2025-06-17,SHO-101148,X4,X4,Action Camera,Shopify,US,1,474.09,474.09,320,8.01,23.7,0
2025-06-17,SHO-101149,GO 3S,GO 3S,Action Camera,Shopify,US,1,224.53,224.53,140,7.87,11.23,0
2025-06-18,SHO-101152,Ace Pro,Ace Pro,Action Camera,Shopify,US,1,331.51,331.51,200,8.73,16.58,0
2025-06-18,SHO-101153,Lens Cap,Lens Cap,Accessory,Shopify,US,1,8.29,8.29,2,5.88,0.41,0
2025-06-18,SHO-101154,Battery,Battery,Accessory,Shopify,UK,1,44.56,44.56,15,5.41,2.23,0
2025-06-18,SHO-101155,Selfie Stick,Selfie Stick,Accessory,Shopify,UK,1,26.7,26.7,8,8.61,1.34,0
2025-06-18,SHO-101156,Lens Cap,Lens Cap,Accessory,Shopify,US,2,8.19,16.38,4,12.06,0.82,0
2025-06-18,SHO-101157,X4,X4,Action Camera,Shopify,US,1,452.48,452.48,320,5.11,22.62,0
2025-06-18,SHO-101158,Lens Cap,Lens Cap,Accessory,Shopify,US,1,8.74,8.74,2,9.06,0.44,0
2025-06-18,SHO-101159,Charging Hub,Charging Hub,Accessory,Shopify,US,1,52.32,52.32,20,4.4,2.62,0
2025-06-18,SHO-101160,X4,X4,Action Camera,Shopify,US,1,471.35,471.35,320,4.26,23.57,0
2025-06-18,SHO-101161,Helmet Mount,Helmet Mount,Mount,Shopify,UK,1,23.25,23.25,7,4.08,1.16,0
2025-06-18,SHO-101162,X3,X3,Action Camera,Shopify,UK,1,445.18,445.18,220,8.51,22.26,0
2025-06-18,SHO-101163,Selfie Stick,Selfie Stick,Accessory,Shopify,EU,3,29.93,89.79,24,17.87,4.49,0
2025-06-18,SHO-101164,Selfie Stick,Selfie Stick,Accessory,Shopify,US,1,22.02,22.02,8,4.81,1.1,0
2025-06-18,SHO-101165,X4,X4,Action Camera,Shopify,EU,1,511.97,511.97,320,5.48,25.6,0
2025-06-18,SHO-101166,Charging Hub,Charging Hub,Accessory,Shopify,EU,3,70.97,212.91,60,12.9,10.65,0
2025-06-18,SHO-101167,Battery,Battery,Accessory,Shopify,US,1,37.86,37.86,15,8.75,1.89,0
2025-06-18,SHO-101168,Ace Pro,Ace Pro,Action Camera,Shopify,US,2,322.94,645.88,400,14.42,32.29,0
2025-06-18,SHO-101169,Battery,Battery,Accessory,Shopify,UK,1,41.33,41.33,15,5.13,2.07,0
2025-06-18,SHO-101170,Battery,Battery,Accessory,Shopify,US,1,37.29,37.29,15,4.94,1.86,0
2025-06-18,SHO-101171,X3,X3,Action Camera,Shopify,US,1,391.15,391.15,220,4.27,19.56,0
2025-06-18,SHO-101172,X3,X3,Action Camera,Shopify,US,1,360.55,360.55,220,5.09,18.03,0
2025-06-18,SHO-101173,GO 3S,GO 3S,Action Camera,Shopify,US,1,222.43,222.43,140,8.78,11.12,0
2025-06-18,SHO-101174,X4,X4,Action Camera,Shopify,US,1,441.63,441.63,320,7.76,22.08,0
2025-06-18,SHO-101175,X4,X4,Action Camera,Shopify,UK,1,566.33,566.33,320,6.04,28.32,0
2025-06-19,SHO-101176,GO 3S,GO 3S,Action Camera,Shopify,UK,1,245.69,245.69,140,7.85,12.28,0
2025-06-19,SHO-101177,GO 3S,GO 3S,Action Camera,Shopify,EU,1,250.05,250.05,140,9.42,12.5,0
2025-06-19,SHO-101178,Battery,Battery,Accessory,Shopify,UK,1,42.51,42.51,15,9.48,2.13,0
2025-06-19,SHO-101179,X3,X3,Action Camera,Shopify,US,2,414.8,829.6,440,7.97,41.48,0
2025-06-19,SHO-101180,X3,X3,Action Camera,Shopify,EU,1,404.34,404.34,220,4.19,20.22,0
2025-06-19,SHO-101182,Battery,Battery,Accessory,Shopify,US,2,38.54,77.08,30,12.22,3.85,0
2025-06-19,SHO-101183,Bike Mount,Bike Mount,Mount,Shopify,UK,2,22.78,45.56,12,7.12,2.28,0
2025-06-19,SHO-101185,Bike Mount,Bike Mount,Mount,Shopify,US,1,18.83,18.83,6,5.82,0.94,0
2025-06-19,SHO-101186,GO 3S,GO 3S,Action Camera,Shopify,US,1,249.19,249.19,140,9.03,12.46,0
2025-06-19,SHO-101187,Charging Hub,Charging Hub,Accessory,Shopify,US,1,61.18,61.18,20,9.67,3.06,0
2025-06-19,SHO-101188,X4,X4,Action Camera,Shopify,US,1,521.03,521.03,320,6.76,26.05,0
2025-06-19,SHO-101189,GO 3S,GO 3S,Action Camera,Shopify,UK,1,253.54,253.54,140,6.61,12.68,0
2025-06-19,SHO-101190,X4,X4,Action Camera,Shopify,UK,1,584.73,584.73,320,4.58,29.24,0
2025-06-19,SHO-101191,X3,X3,Action Camera,Shopify,UK,1,455.69,455.69,220,9.6,22.78,0
2025-06-19,SHO-101194,Selfie Stick,Selfie Stick,Accessory,Shopify,US,1,22.18,22.18,8,5.14,1.11,0
2025-06-19,SHO-101195,Charging Hub,Charging Hub,Accessory,Shopify,US,1,60.68,60.68,20,5.84,3.03,0
2025-06-19,SHO-101196,Bike Mount,Bike Mount,Mount,Shopify,US,1,19.88,19.88,6,9.89,0.99,0
2025-06-19,SHO-101197,X4,X4,Action Camera,Shopify,US,1,476.53,476.53,320,7.7,23.83,0
2025-06-19,SHO-101198,X3,X3,Action Camera,Shopify,UK,1,407.05,407.05,220,7.01,20.35,0
